,Time,X,Y,Z,X_f,Y_f,Z_f,Amag,UL,seconds,Clock,SMA50AX,SMA50AY,SMA50AZ,AMAG,std,2std,3std
0,2918276,0,-32,0,1.068721,-0.504631,-0.231132,1.204258703,84.08,2918.276,18:48:38:276000,,,,,245.4833797983523,490.9667595967046,736.4501393950569
1,2918374,0,64,64,1.067315,-0.442127,-0.089711,1.158743137,84.08,2918.3740000000003,18:48:38:374000,,,,,245.4833797983523,490.9667595967046,736.4501393950569
2,2918471,64,-32,32,1.150048,-0.472716,-0.019123,1.243558004,84.08,2918.471,18:48:38:471000,,,,,245.4833797983523,490.9667595967046,736.4501393950569
3,2918569,-32,160,-96,1.10647,-0.317224,-0.229926,1.17378571,84.08,2918.569,18:48:38:569000,,,,,245.4833797983523,490.9667595967046,736.4501393950569
4,2918666,-32,-32,0,1.062978,-0.347992,-0.229421,1.141776973,84.08,2918.666,18:48:38:666000,,,,,245.4833797983523,490.9667595967046,736.4501393950569
5,2918764,32,32,0,1.103594,-0.316589,-0.228919,1.170705864,84.08,2918.764,18:48:38:764000,,,,,245.4833797983523,490.9667595967046,736.4501393950569
6,2918861,64,-64,-32,1.18611,-0.378393,-0.298374,1.280259832,84.08,2918.861,18:48:38:861000,,,,,245.4833797983523,490.9667595967046,736.4501393950569
7,2918959,-96,0,-32,1.058615,-0.378025,-0.36757,1.182656469,84.08,2918.9590000000003,18:48:38:959000,,,,,245.4833797983523,490.9667595967046,736.4501393950569
8,2919056,0,96,0,1.057225,-0.284554,-0.366769,1.154649375,84.08,2919.056,18:48:39:056000,,,,,245.4833797983523,490.9667595967046,736.4501393950569
9,2919154,-32,-64,64,1.013887,-0.346407,-0.226795,1.095171507,84.08,2919.154,18:48:39:154000,,,,,245.4833797983523,490.9667595967046,736.4501393950569
10,2919251,32,64,-32,1.054484,-0.283922,-0.295828,1.131398433,84.08,2919.251,18:48:39:251000,,,,,245.4833797983523,490.9667595967046,736.4501393950569
11,2919349,32,32,0,1.094999,-0.252563,-0.295187,1.161871871,84.08,2919.349,18:48:39:349000,,,,,245.4833797983523,490.9667595967046,736.4501393950569
12,2919446,704,1120,-384,2.014637,0.83526,-1.125783,2.454344897,84.08,2919.446,18:48:39:446000,,,,,245.4833797983523,490.9667595967046,736.4501393950569
13,2919544,-224,-160,64,1.715173,0.67574,-0.984034,2.089680808,84.08,2919.544,18:48:39:544000,,,,,245.4833797983523,490.9667595967046,736.4501393950569
14,2919641,-320,-192,96,1.287552,0.484215,-0.773129,1.577967924,84.08,2919.641,18:48:39:641000,,,,,245.4833797983523,490.9667595967046,736.4501393950569
15,2919739,-32,96,64,1.243081,0.579431,-0.632305,1.510231859,84.08,2919.739,18:48:39:739000,,,,,245.4833797983523,490.9667595967046,736.4501393950569
16,2919836,32,-192,96,1.284143,0.387282,-0.4224,1.406212058,84.08,2919.8360000000002,18:48:39:836000,,,,,245.4833797983523,490.9667595967046,736.4501393950569
17,2919934,160,-160,32,1.495887,0.226797,-0.351989,1.553386961,84.08,2919.934,18:48:39:934000,,,,,245.4833797983523,490.9667595967046,736.4501393950569
18,2920031,-96,-32,96,1.365579,0.194479,-0.143062,1.386756944,84.08,2920.031,18:48:40:031000,,,,,245.4833797983523,490.9667595967046,736.4501393950569
19,2920129,96,-32,64,1.492139,0.162206,-0.00401,1.500934929,84.08,2920.129,18:48:40:129000,,,,,245.4833797983523,490.9667595967046,736.4501393950569
20,2920226,32,0,64,1.532962,0.162043,0.134617,1.547369434,84.08,2920.226,18:48:40:226000,,,,,245.4833797983523,490.9667595967046,736.4501393950569
21,2920324,32,-32,64,1.5737,0.129846,0.272822,1.602442984,84.08,2920.324,18:48:40:324000,,,,,245.4833797983523,490.9667595967046,736.4501393950569
22,2920421,-64,-96,0,1.486084,0.033646,0.272232,1.511187603,84.08,2920.4210000000003,18:48:40:421000,,,,,245.4833797983523,490.9667595967046,736.4501393950569
23,2920519,-32,32,0,1.441342,0.065665,0.271645,1.468185839,84.08,2920.5190000000002,18:48:40:519000,,,,,245.4833797983523,490.9667595967046,736.4501393950569
24,2920616,64,128,-32,1.524872,0.193764,0.202171,1.550371638,84.08,2920.616,18:48:40:616000,,,,,245.4833797983523,490.9667595967046,736.4501393950569
25,2920714,-96,-128,32,1.394665,0.065206,0.270522,1.422154857,84.08,2920.714,18:48:40:714000,,,,,245.4833797983523,490.9667595967046,736.4501393950569
26,2920811,-64,0,32,1.307302,0.06514,0.338623,1.352016004,84.08,2920.811,18:48:40:811000,,,,,245.4833797983523,490.9667595967046,736.4501393950569
27,2920909,-224,-288,32,1.006316,-0.223905,0.406475,1.108163917,84.08,2920.909,18:48:40:909000,,,,,245.4833797983523,490.9667595967046,736.4501393950569
28,2921006,-192,32,160,0.747665,-0.191418,0.747978,1.074762714,84.08,2921.006,18:48:41:006000,,,,,245.4833797983523,490.9667595967046,736.4501393950569
29,2921104,-224,0,160,0.445721,-0.191225,1.089106,1.192218977,84.08,2921.1040000000003,18:48:41:104000,,,,,245.4833797983523,490.9667595967046,736.4501393950569
30,2921201,160,128,-160,0.660753,-0.062163,0.743686,0.996758563,84.08,2921.201,18:48:41:201000,,,,,245.4833797983523,490.9667595967046,736.4501393950569
31,2921299,-32,-160,-160,0.616655,-0.223437,0.398639,0.767528849,84.08,2921.299,18:48:41:299000,,,,,245.4833797983523,490.9667595967046,736.4501393950569
32,2921396,-128,96,96,0.443121,-0.126198,0.604071,0.75972622,84.08,2921.396,18:48:41:396000,,,,,245.4833797983523,490.9667595967046,736.4501393950569
33,2921494,-32,-64,160,0.399294,-0.190805,0.946505,1.044851167,84.08,2921.494,18:48:41:494000,,,,,245.4833797983523,490.9667595967046,736.4501393950569
34,2921591,160,-32,-96,0.614744,-0.222987,0.738018,0.986054743,84.08,2921.591,18:48:41:591000,,,,,245.4833797983523,490.9667595967046,736.4501393950569
35,2921689,32,0,128,0.65719,-0.222762,1.011641,1.226759601,84.08,2921.689,18:48:41:689000,,,,,245.4833797983523,490.9667595967046,736.4501393950569
36,2921786,-32,0,96,0.613056,-0.222537,1.215952,1.379818699,84.08,2921.786,18:48:41:786000,,,,,245.4833797983523,490.9667595967046,736.4501393950569
37,2921884,-64,-32,0,0.525797,-0.254611,1.213338,1.346654502,84.08,2921.884,18:48:41:884000,,,,,245.4833797983523,490.9667595967046,736.4501393950569
38,2921981,224,192,32,0.827577,-0.060635,1.2794,1.524934311,84.08,2921.981,18:48:41:981000,,,,,245.4833797983523,490.9667595967046,736.4501393950569
39,2922079,-128,-192,0,0.653067,-0.25484,1.276659,1.456467691,84.08,2922.079,18:48:42:079000,,,,,245.4833797983523,490.9667595967046,736.4501393950569
40,2922176,-64,-64,0,0.565381,-0.31952,1.273929,1.429910418,84.08,2922.176,18:48:42:176000,,,,,245.4833797983523,490.9667595967046,736.4501393950569
41,2922274,64,-32,-32,0.651409,-0.351673,1.0,1.244189529,84.08,2922.274,18:48:42:274000,,,,,245.4833797983523,490.9667595967046,736.4501393950569
42,2922469,-96,96,160,0.519639,-0.221168,1.537966,1.63837706,84.08,2922.469,18:48:42:469000,,,,,245.4833797983523,490.9667595967046,736.4501393950569
43,2922566,-64,-96,-32,0.432215,-0.318392,1.466594,1.561755817,84.08,2922.5660000000003,18:48:42:566000,,,,,245.4833797983523,490.9667595967046,736.4501393950569
44,2922664,-32,-64,32,0.388272,-0.383092,1.531478,1.625711995,84.08,2922.664,18:48:42:664000,,,,,245.4833797983523,490.9667595967046,736.4501393950569
45,2922761,-32,-128,96,0.34442,-0.512783,1.731919,1.838780836,84.08,2922.761,18:48:42:761000,,,,,245.4833797983523,490.9667595967046,736.4501393950569
46,2922859,96,256,96,0.473842,-0.251702,1.931889,2.00501253,84.08,2922.859,18:48:42:859000,,,,,245.4833797983523,490.9667595967046,736.4501393950569
47,2922956,64,-96,-64,0.559841,-0.349555,1.792062,1.909737379,84.08,2922.956,18:48:42:956000,,,,,245.4833797983523,490.9667595967046,736.4501393950569
48,2923054,-64,64,96,0.47245,-0.283732,1.991695,2.06653377,84.08,2923.054,18:48:43:054000,,,,,245.4833797983523,490.9667595967046,736.4501393950569
49,2923152,-256,-64,-32,0.125302,-0.348925,1.919682,1.955154272,84.08,2923.152,18:48:43:152000,-12.8,2.56,20.48,24.286292430093155,245.4833797983523,490.9667595967046,736.4501393950569
50,2923249,-32,0,0,0.081655,-0.348568,1.915621,1.94878706,84.08,2923.2490000000003,18:48:43:249000,-13.44,3.2,20.48,24.704331603992042,245.4833797983523,490.9667595967046,736.4501393950569
51,2923347,-64,0,320,-0.005347,-0.348211,2.587141,2.610474678,84.08,2923.347,18:48:43:347000,-14.72,1.92,25.6,29.59264773554405,245.4833797983523,490.9667595967046,736.4501393950569
52,2923444,224,192,-64,0.298755,-0.151757,2.445971,2.468817302,84.08,2923.444,18:48:43:444000,-11.52,6.4,23.68,27.100051660467365,245.4833797983523,490.9667595967046,736.4501393950569
53,2923542,0,-96,0,0.298348,-0.249927,2.44079,2.471625145,84.08,2923.542,18:48:43:542000,-10.88,1.28,25.6,27.84551669479308,245.4833797983523,490.9667595967046,736.4501393950569
54,2923639,64,96,96,0.384979,-0.151258,2.638576,2.670799716,84.08,2923.639,18:48:43:639000,-8.96,3.84,27.52,29.19550650357003,245.4833797983523,490.9667595967046,736.4501393950569
55,2923737,-32,64,32,0.340941,-0.085435,2.700631,2.72340737,84.08,2923.737,18:48:43:737000,-10.24,4.48,28.16,30.297088969074238,245.4833797983523,490.9667595967046,736.4501393950569
56,2923834,32,-32,32,0.383961,-0.11819,2.76246,2.791519331,84.08,2923.8340000000003,18:48:43:834000,-10.88,5.12,29.44,31.800981116940402,245.4833797983523,490.9667595967046,736.4501393950569
57,2923932,0,64,160,0.38344,-0.05241,3.093769,3.117880637,84.08,2923.9320000000002,18:48:43:932000,-8.96,6.4,33.28,35.054243680330636,245.4833797983523,490.9667595967046,736.4501393950569
58,2924029,0,-64,0,0.38292,-0.118032,3.087244,3.113139058,84.08,2924.029,18:48:44:029000,-8.96,3.2,33.28,34.6132922444543,245.4833797983523,490.9667595967046,736.4501393950569
59,2924127,-32,64,0,0.339067,-0.052218,3.080745,3.099787558,84.08,2924.127,18:48:44:127000,-8.96,5.76,32.0,33.726239043213816,245.4833797983523,490.9667595967046,736.4501393950569
60,2924224,-32,-32,32,0.295303,-0.085019,3.141494,3.156488024,84.08,2924.224,18:48:44:224000,-10.24,3.84,33.28,35.030866389514266,245.4833797983523,490.9667595967046,736.4501393950569
61,2924322,0,32,32,0.294904,-0.05209,3.202023,3.215996429,84.08,2924.322,18:48:44:322000,-10.88,3.84,33.92,35.82856960583272,245.4833797983523,490.9667595967046,736.4501393950569
62,2924419,96,0,32,0.424153,-0.052037,3.262333,3.290202155,84.08,2924.419,18:48:44:419000,-23.04,-18.56,42.24,51.570658324283585,245.4833797983523,490.9667595967046,736.4501393950569
63,2924517,-64,0,32,0.3371,-0.051984,3.322426,3.339888212,84.08,2924.5170000000003,18:48:44:517000,-19.84,-15.36,41.6,48.581016868731766,245.4833797983523,490.9667595967046,736.4501393950569
64,2924614,-32,-160,-64,0.293407,-0.215739,3.181863,3.202636903,84.08,2924.614,18:48:44:614000,-14.08,-14.72,38.4,43.46820447177454,245.4833797983523,490.9667595967046,736.4501393950569
65,2924712,32,-64,0,0.336218,-0.281184,3.175224,3.205332188,84.08,2924.712,18:48:44:712000,-12.8,-17.92,37.12,43.16087116822366,245.4833797983523,490.9667595967046,736.4501393950569
66,2924809,-320,-256,352,-0.095992,-0.543624,3.901528,3.940388592,84.08,2924.809,18:48:44:809000,-19.84,-19.2,42.24,50.462691168822936,245.4833797983523,490.9667595967046,736.4501393950569
67,2924907,-64,32,-32,-0.182648,-0.510089,3.826411,3.864579178,84.08,2924.907,18:48:44:907000,-24.32,-15.36,40.96,50.05110987780391,245.4833797983523,490.9667595967046,736.4501393950569
68,2925004,-288,32,-128,-0.572909,-0.476601,3.550972,3.628329558,84.08,2925.004,18:48:45:004000,-28.16,-14.08,36.48,48.187367639247526,245.4833797983523,490.9667595967046,736.4501393950569
69,2925102,96,-32,64,-0.441389,-0.50906,3.677343,3.738558261,84.08,2925.102,18:48:45:102000,-28.16,-14.08,36.48,48.187367639247526,245.4833797983523,490.9667595967046,736.4501393950569
70,2925199,-32,256,64,-0.484392,-0.245042,3.803339,3.841883489,84.08,2925.199,18:48:45:199000,-29.44,-8.96,36.48,47.726152160005526,245.4833797983523,490.9667595967046,736.4501393950569
71,2925297,32,-64,-64,-0.440159,-0.310931,3.661843,3.701285208,84.08,2925.297,18:48:45:297000,-29.44,-9.6,33.92,45.92864030210344,245.4833797983523,490.9667595967046,736.4501393950569
72,2925394,-64,-128,-32,-0.526644,-0.442928,3.587476,3.652878751,84.08,2925.3940000000002,18:48:45:394000,-29.44,-10.24,33.28,45.597473614225606,245.4833797983523,490.9667595967046,736.4501393950569
73,2925492,96,96,0,-0.395314,-0.343081,3.580006,3.618068641,84.08,2925.492,18:48:45:492000,-26.88,-8.96,33.28,43.707829962147514,245.4833797983523,490.9667595967046,736.4501393950569
74,2925589,-32,-64,-128,-0.438338,-0.409043,3.306545,3.360460715,84.08,2925.589,18:48:45:589000,-28.8,-12.8,31.36,44.46042734837352,245.4833797983523,490.9667595967046,736.4501393950569
75,2925687,32,-64,64,-0.394211,-0.474953,3.432752,3.487802884,84.08,2925.687,18:48:45:687000,-26.24,-11.52,32.0,42.95634993804757,245.4833797983523,490.9667595967046,736.4501393950569
76,2925784,0,-96,-96,-0.393675,-0.573985,3.226168,3.300393727,84.08,2925.784,18:48:45:784000,-24.96,-13.44,29.44,40.86990090518939,245.4833797983523,490.9667595967046,736.4501393950569
77,2925882,0,32,-128,-0.393141,-0.540186,2.953555,3.028175672,84.08,2925.882,18:48:45:882000,-20.48,-7.04,26.24,34.02248668160515,245.4833797983523,490.9667595967046,736.4501393950569
78,2926028,160,128,0,-0.175695,-0.406862,2.947416,2.98054802,84.08,2926.0280000000002,18:48:46:028000,-13.44,-5.12,23.04,27.16044182262137,245.4833797983523,490.9667595967046,736.4501393950569
79,2926174,-32,0,64,-0.218919,-0.40644,3.074061,3.108531813,84.08,2926.174,18:48:46:174000,-9.6,-5.12,21.12,23.75771032738635,245.4833797983523,490.9667595967046,736.4501393950569
80,2926272,-96,-32,-128,-0.348916,-0.439225,2.802398,2.857988021,84.08,2926.272,18:48:46:272000,-14.72,-8.32,21.76,27.557184181262063,245.4833797983523,490.9667595967046,736.4501393950569
81,2926662,64,0,-32,-0.64989,-0.636604,2.052619,2.245187392,84.08,2926.6620000000003,18:48:46:662000,-12.8,-5.12,24.32,27.955621974837193,245.4833797983523,490.9667595967046,736.4501393950569
82,2926759,64,64,-64,-0.561845,-0.569406,1.915793,2.076091476,84.08,2926.759,18:48:46:759000,-8.96,-5.76,21.12,23.6540398240977,245.4833797983523,490.9667595967046,736.4501393950569
83,2926857,96,0,32,-0.43035,-0.568814,1.978065,2.102734323,84.08,2926.857,18:48:46:857000,-6.4,-4.48,18.56,20.13712988486691,245.4833797983523,490.9667595967046,736.4501393950569
84,2926954,-32,0,64,-0.473365,-0.568223,2.106257,2.23232398,84.08,2926.954,18:48:46:954000,-10.24,-3.84,21.76,24.353660915763776,245.4833797983523,490.9667595967046,736.4501393950569
85,2927052,-96,384,96,-0.603429,-0.169135,2.300164,2.384006634,84.08,2927.052,18:48:47:052000,-12.8,3.84,21.12,24.992798962901297,245.4833797983523,490.9667595967046,736.4501393950569
86,2927149,0,0,64,-0.602607,-0.168959,2.427561,2.506937324,84.08,2927.149,18:48:47:149000,-12.16,3.84,20.48,24.125538335962577,245.4833797983523,490.9667595967046,736.4501393950569
87,2927247,160,64,32,-0.384115,-0.101995,2.48857,2.520104751,84.08,2927.247,18:48:47:247000,-7.68,5.76,21.12,23.19944826930158,245.4833797983523,490.9667595967046,736.4501393950569
88,2927344,-64,32,32,-0.470821,-0.068487,2.549365,2.593380957,84.08,2927.344,18:48:47:344000,-13.44,2.56,21.12,25.164292161712,245.4833797983523,490.9667595967046,736.4501393950569
89,2927442,-96,-64,64,-0.601011,-0.135192,2.67577,2.745766959,84.08,2927.442,18:48:47:442000,-12.8,5.12,22.4,26.302364912684183,245.4833797983523,490.9667595967046,736.4501393950569
90,2927539,32,0,-64,-0.556557,-0.135051,2.538731,2.602527532,84.08,2927.539,18:48:47:539000,-10.88,6.4,21.12,24.604649967028593,245.4833797983523,490.9667595967046,736.4501393950569
91,2927637,64,-32,-96,-0.468592,-0.168271,2.33635,2.388812449,84.08,2927.637,18:48:47:637000,-10.88,6.4,19.84,23.51510153071851,245.4833797983523,490.9667595967046,736.4501393950569
92,2927734,0,-64,128,-0.467954,-0.234792,2.594418,2.646717399,84.08,2927.734,18:48:47:734000,-8.96,3.2,19.2,21.428056374762505,245.4833797983523,490.9667595967046,736.4501393950569
93,2927832,32,0,-64,-0.423776,-0.234547,2.457595,2.504869573,84.08,2927.832,18:48:47:832000,-7.04,5.12,18.56,20.49999024390012,245.4833797983523,490.9667595967046,736.4501393950569
94,2927929,-64,0,32,-0.51022,-0.234303,2.518248,2.580076614,84.08,2927.929,18:48:47:929000,-7.68,6.4,18.56,21.081176437760774,245.4833797983523,490.9667595967046,736.4501393950569
95,2928027,32,-32,0,-0.46602,-0.267346,2.513085,2.569872515,84.08,2928.027,18:48:48:027000,-6.4,8.32,16.64,19.67414547064243,245.4833797983523,490.9667595967046,736.4501393950569
96,2928124,-64,0,0,-0.552338,-0.267068,2.507943,2.581894784,84.08,2928.1240000000003,18:48:48:124000,-9.6,3.2,14.72,17.862765743299665,245.4833797983523,490.9667595967046,736.4501393950569
97,2928222,-64,0,0,-0.638531,-0.26679,2.502822,2.596731928,84.08,2928.222,18:48:48:222000,-12.16,5.12,16.0,20.738370234905155,245.4833797983523,490.9667595967046,736.4501393950569
98,2928319,-32,0,0,-0.681132,-0.266513,2.497722,2.602611221,84.08,2928.319,18:48:48:319000,-11.52,3.84,14.08,18.593073979307455,245.4833797983523,490.9667595967046,736.4501393950569
99,2928417,64,-32,-32,-0.593335,-0.299407,2.42756,2.516890647,84.08,2928.417,18:48:48:417000,-5.12,4.48,14.08,15.63749340527439,245.4833797983523,490.9667595967046,736.4501393950569
100,2928422,-32,-32,160,-0.635963,-0.332254,2.747603,2.839747155,84.08,2928.422,18:48:48:422000,-5.12,3.84,17.28,18.4271104625766,245.4833797983523,490.9667595967046,736.4501393950569
101,2928660,0,0,128,-0.6351,-0.33191,3.002284,3.086620397,84.08,2928.66,18:48:48:660000,-3.84,3.84,13.44,14.495682115719838,245.4833797983523,490.9667595967046,736.4501393950569
102,2928758,-128,-128,128,-0.807613,-0.464004,3.256566,3.387146377,84.08,2928.7580000000003,18:48:48:758000,-10.88,-2.56,17.28,20.579757044241315,245.4833797983523,490.9667595967046,736.4501393950569
103,2928856,32,-64,-64,-0.763123,-0.529842,3.119683,3.255074696,84.08,2928.856,18:48:48:856000,-10.24,-1.92,16.0,19.09303537942566,245.4833797983523,490.9667595967046,736.4501393950569
104,2928953,0,0,-96,-0.762089,-0.529293,2.918092,3.062056767,84.08,2928.953,18:48:48:953000,-11.52,-3.84,12.16,17.184923625084867,245.4833797983523,490.9667595967046,736.4501393950569
105,2929050,32,-32,-32,-0.717751,-0.561878,2.847079,2.989436773,84.08,2929.05,18:48:49:050000,-10.24,-5.76,10.88,16.01279488409191,245.4833797983523,490.9667595967046,736.4501393950569
106,2929148,-32,32,32,-0.760057,-0.528177,2.906288,3.050109428,84.08,2929.148,18:48:49:148000,-11.52,-4.48,10.88,16.466790822743818,245.4833797983523,490.9667595967046,736.4501393950569
107,2929245,0,64,96,-0.75903,-0.461416,3.095087,3.220030249,84.08,2929.245,18:48:49:245000,-11.52,-4.48,9.6,15.65058465361598,245.4833797983523,490.9667595967046,736.4501393950569
108,2929343,-64,-96,-32,-0.844379,-0.560286,3.023924,3.189202511,84.08,2929.343,18:48:49:343000,-12.8,-5.12,8.96,16.441897700691367,245.4833797983523,490.9667595967046,736.4501393950569
109,2929440,64,32,0,-0.756873,-0.526561,3.017801,3.155510434,84.08,2929.44,18:48:49:440000,-10.88,-5.76,8.96,15.22608288431401,245.4833797983523,490.9667595967046,736.4501393950569
110,2929538,32,64,96,-0.712671,-0.459752,3.205723,3.316011431,84.08,2929.538,18:48:49:538000,-9.6,-3.84,10.24,14.552085761154652,245.4833797983523,490.9667595967046,736.4501393950569
111,2929635,-128,0,32,-0.884314,-0.459276,3.263908,3.41262965,84.08,2929.635,18:48:49:635000,-12.16,-4.48,10.24,16.516464512721843,245.4833797983523,490.9667595967046,736.4501393950569
112,2929733,-96,32,64,-1.012727,-0.425695,3.386461,3.560189646,84.08,2929.733,18:48:49:733000,-16.0,-3.84,10.88,19.726124809500725,245.4833797983523,490.9667595967046,736.4501393950569
113,2929830,64,0,0,-0.924907,-0.425255,3.379634,3.529620482,84.08,2929.83,18:48:49:830000,-13.44,-3.84,10.24,17.327342554471528,245.4833797983523,490.9667595967046,736.4501393950569
114,2929928,-32,64,-160,-0.966881,-0.358696,3.050871,3.220455798,84.08,2929.928,18:48:49:928000,-13.44,0.64,8.32,15.819785080714592,245.4833797983523,490.9667595967046,736.4501393950569
115,2930025,32,0,128,-0.922384,-0.358326,3.302615,3.447673941,84.08,2930.025,18:48:50:025000,-13.44,1.92,10.88,17.398114840407278,245.4833797983523,490.9667595967046,736.4501393950569
116,2930123,64,64,32,-0.834815,-0.291888,3.360461,3.474883138,84.08,2930.123,18:48:50:123000,-5.76,8.32,4.48,11.066634538105973,245.4833797983523,490.9667595967046,736.4501393950569
117,2930220,0,-64,0,-0.833689,-0.357671,3.353697,3.474226455,84.08,2930.2200000000003,18:48:50:220000,-4.48,6.4,5.12,9.340492492368913,245.4833797983523,490.9667595967046,736.4501393950569
118,2930513,-64,-32,32,-0.830439,-0.356586,3.013302,3.145913453,84.08,2930.513,18:48:50:513000,0.0,5.12,8.32,9.769176014383198,245.4833797983523,490.9667595967046,736.4501393950569
119,2930610,-32,0,-32,-0.872362,-0.356219,2.943067,3.090234749,84.08,2930.61,18:48:50:610000,-2.56,5.76,6.4,8.98282806247565,245.4833797983523,490.9667595967046,736.4501393950569
120,2930708,-32,0,0,-0.914198,-0.355852,2.937171,3.096669519,84.08,2930.708,18:48:50:708000,-2.56,0.64,5.12,5.76,245.4833797983523,490.9667595967046,736.4501393950569
121,2930805,32,64,-32,-0.869992,-0.28964,2.867316,3.010361848,84.08,2930.805,18:48:50:805000,-2.56,3.2,5.76,7.069031050999847,245.4833797983523,490.9667595967046,736.4501393950569
122,2930903,64,96,-64,-0.782928,-0.190547,2.733792,2.85007072,84.08,2930.9030000000002,18:48:50:903000,0.0,7.68,5.12,9.230211265187812,245.4833797983523,490.9667595967046,736.4501393950569
123,2931000,96,32,64,-0.653038,-0.15739,2.856051,2.933983224,84.08,2931.0,18:48:51:000000,0.0,6.4,6.4,9.05096679918781,245.4833797983523,490.9667595967046,736.4501393950569
124,2931098,0,-64,32,-0.652161,-0.223124,2.914163,2.994569131,84.08,2931.098,18:48:51:098000,0.64,6.4,9.6,11.555500854571385,245.4833797983523,490.9667595967046,736.4501393950569
125,2931195,-64,0,0,-0.737116,-0.222894,2.908361,3.008585289,84.08,2931.195,18:48:51:195000,-1.28,7.68,8.32,11.394876041449507,245.4833797983523,490.9667595967046,736.4501393950569
126,2931293,-32,0,32,-0.779039,-0.222665,2.966176,3.074846586,84.08,2931.293,18:48:51:293000,-1.92,9.6,10.88,14.636283681317469,245.4833797983523,490.9667595967046,736.4501393950569
127,2931439,32,32,-64,-0.735114,-0.189547,2.833278,2.933220906,84.08,2931.439,18:48:51:439000,-1.28,9.6,12.16,15.545545985908632,245.4833797983523,490.9667595967046,736.4501393950569
128,2931537,0,0,128,-0.73413,-0.189353,3.081517,3.173412743,84.08,2931.5370000000003,18:48:51:537000,-4.48,7.04,14.72,16.920709204994925,245.4833797983523,490.9667595967046,736.4501393950569
129,2931634,-96,-32,0,-0.861532,-0.222001,3.075402,3.201502662,84.08,2931.634,18:48:51:634000,-5.76,6.4,13.44,15.961553809075104,245.4833797983523,490.9667595967046,736.4501393950569
130,2931732,32,0,0,-0.81756,-0.221773,3.069311,3.18406307,84.08,2931.732,18:48:51:732000,-3.2,7.04,16.0,17.77080752245097,245.4833797983523,490.9667595967046,736.4501393950569
131,2931829,-32,-96,96,-0.859257,-0.319935,3.253006,3.379752806,84.08,2931.829,18:48:51:829000,-5.12,5.12,18.56,19.922409492829928,245.4833797983523,490.9667595967046,736.4501393950569
132,2931927,0,-32,32,-0.858109,-0.352432,3.309823,3.437366385,84.08,2931.927,18:48:51:927000,-6.4,3.2,20.48,21.694017608548215,245.4833797983523,490.9667595967046,736.4501393950569
133,2932024,32,64,0,-0.814261,-0.286445,3.30329,3.414205111,84.08,2932.024,18:48:52:024000,-7.68,4.48,19.84,21.741168321872678,245.4833797983523,490.9667595967046,736.4501393950569
134,2932122,32,0,0,-0.770501,-0.286152,3.296783,3.397695235,84.08,2932.122,18:48:52:122000,-6.4,4.48,18.56,20.13712988486691,245.4833797983523,490.9667595967046,736.4501393950569
135,2932219,96,0,128,-0.641539,-0.285858,3.541972,3.610935161,84.08,2932.219,18:48:52:219000,-2.56,-3.2,19.2,19.632462912227798,245.4833797983523,490.9667595967046,736.4501393950569
136,2932317,-32,0,-64,-0.683354,-0.285566,3.409103,3.488624929,84.08,2932.317,18:48:52:317000,-3.2,-3.2,16.64,17.244407789193577,245.4833797983523,490.9667595967046,736.4501393950569
137,2932414,-192,-448,96,-0.938286,-0.743367,3.591136,3.785397322,84.08,2932.414,18:48:52:414000,-10.24,-13.44,17.92,24.629608198264137,245.4833797983523,490.9667595967046,736.4501393950569
138,2932512,224,64,64,-0.637808,-0.676641,3.709884,3.82464134,84.08,2932.512,18:48:52:512000,-4.48,-12.8,18.56,22.986604794967004,245.4833797983523,490.9667595967046,736.4501393950569
139,2932609,320,-480,-128,-0.208142,-1.170772,3.451171,3.650289227,84.08,2932.609,18:48:52:609000,3.84,-21.12,14.72,26.02841524180833,245.4833797983523,490.9667595967046,736.4501393950569
140,2932707,96,-32,32,-0.078567,-1.202825,3.507286,3.7086407,84.08,2932.707,18:48:52:707000,5.12,-21.76,16.64,27.86757255305887,245.4833797983523,490.9667595967046,736.4501393950569
141,2932804,0,96,64,-0.078461,-1.101807,3.626023,3.790537903,84.08,2932.804,18:48:52:804000,3.84,-19.2,19.84,27.874920627689686,245.4833797983523,490.9667595967046,736.4501393950569
142,2932902,-64,-640,192,-0.164485,-1.766382,3.99549,4.371624529,84.08,2932.902,18:48:52:902000,2.56,-30.72,21.12,37.3674510771072,245.4833797983523,490.9667595967046,736.4501393950569
143,2932999,-480,-160,160,-0.810192,-1.932903,4.302019,4.78538322,84.08,2932.9990000000003,18:48:52:999000,-7.68,-33.92,25.6,43.184589844063595,245.4833797983523,490.9667595967046,736.4501393950569
144,2933097,192,288,-64,-0.548596,-1.627143,4.16766,4.507542766,84.08,2933.097,18:48:53:097000,-2.56,-28.16,23.68,36.881995607613206,245.4833797983523,490.9667595967046,736.4501393950569
145,2933194,96,-256,-288,-0.417277,-1.896672,3.593277,4.084498056,84.08,2933.194,18:48:53:194000,-1.28,-32.64,17.92,37.25767571923939,245.4833797983523,490.9667595967046,736.4501393950569
146,2933292,64,256,128,-0.329611,-1.622311,3.838796,4.180537181,84.08,2933.292,18:48:53:292000,1.28,-27.52,20.48,34.32811092967395,245.4833797983523,490.9667595967046,736.4501393950569
147,2933389,192,96,32,-0.067888,-1.518032,3.894402,4.180358462,84.08,2933.389,18:48:53:389000,6.4,-25.6,21.12,33.79902957186789,245.4833797983523,490.9667595967046,736.4501393950569
148,2933487,-192,-544,352,-0.329717,-2.098014,4.580777,5.049147846,84.08,2933.487,18:48:53:487000,3.2,-36.48,28.16,46.19541102750358,245.4833797983523,490.9667595967046,736.4501393950569
149,2933633,3872,6272,-4832,4.965844,4.675242,-5.003087,8.458627189,84.08,2933.6330000000003,18:48:53:633000,79.36,89.6,-67.84,137.58064980221602,245.4833797983523,490.9667595967046,736.4501393950569
150,2933730,-2624,-9088,2720,1.097893,-6.359165,0.906087,6.51654373,84.08,2933.73,18:48:53:730000,27.52,-91.52,-16.64,97.00592971566222,245.4833797983523,490.9667595967046,736.4501393950569
151,2933828,0,-6976,-9024,1.096196,-16.340967,-19.683949,25.60637999,84.08,2933.828,18:48:53:828000,27.52,-231.04,-199.68,306.6087643887565,245.4833797983523,490.9667595967046,736.4501393950569
152,2933925,-12096,13824,-2784,-17.580429,6.207171,-27.108997,32.90134,84.08,2933.925,18:48:53:925000,-211.84,48.0,-257.92,337.1986239592327,245.4833797983523,490.9667595967046,736.4501393950569
153,2934023,3264,1472,-2368,-11.300284,9.249871,-33.725582,36.75148178,84.08,2934.023,18:48:54:023000,-147.2,78.72,-304.0,346.8150492697801,245.4833797983523,490.9667595967046,736.4501393950569
154,2934120,-2976,2208,-288,-17.334066,13.937836,-34.475723,41.02814391,84.08,2934.12,18:48:54:120000,-206.72,122.88,-307.84,390.63809133262976,245.4833797983523,490.9667595967046,736.4501393950569
155,2934218,768,1088,-192,-15.644619,16.323242,-34.941422,41.61856923,84.08,2934.218,18:48:54:218000,-192.0,145.28,-311.04,393.33975136006785,245.4833797983523,490.9667595967046,736.4501393950569
156,2934316,128,576,-96,-15.331435,17.590067,-35.121967,42.16652609,84.08,2934.3160000000003,18:48:54:316000,-188.8,156.16,-313.6,397.96525677501046,245.4833797983523,490.9667595967046,736.4501393950569
157,2934413,-448,-32,416,-16.275415,17.476824,-33.790356,41.37773156,84.08,2934.413,18:48:54:413000,-197.76,154.24,-307.2,396.573871050527,245.4833797983523,490.9667595967046,736.4501393950569
158,2934754,-1888,1824,1312,-20.456379,20.590296,-29.413603,41.32292067,84.08,2934.754,18:48:54:754000,-234.24,192.64,-280.32,412.98650050576714,245.4833797983523,490.9667595967046,736.4501393950569
159,2934852,1248,-3072,-5984,-17.57132,13.2675,-47.478916,52.33569821,84.08,2934.852,18:48:54:852000,-210.56,130.56,-400.0,470.5118778521962,245.4833797983523,490.9667595967046,736.4501393950569
160,2934949,384,-416,160,-16.636969,12.190896,-46.776878,51.12223585,84.08,2934.949,18:48:54:949000,-203.52,120.96,-398.72,463.7125730449844,245.4833797983523,490.9667595967046,736.4501393950569
161,2935047,0,416,-1088,-16.59804,13.209767,-50.30267,54.59259552,84.08,2935.047,18:48:55:047000,-200.96,129.28,-421.12,484.190349346205,245.4833797983523,490.9667595967046,736.4501393950569
162,2935144,288,224,-160,-15.886727,13.744558,-50.680557,54.86182486,84.08,2935.1440000000002,18:48:55:144000,-193.28,133.12,-425.6,486.0179552238786,245.4833797983523,490.9667595967046,736.4501393950569
163,2935242,-352,-64,-96,-16.674566,13.546987,-50.836479,55.18975997,84.08,2935.242,18:48:55:242000,-201.6,131.84,-427.52,490.711418249056,245.4833797983523,490.9667595967046,736.4501393950569
164,2935339,-32,256,0,-16.710646,14.162523,-50.662018,55.19477163,84.08,2935.339,18:48:55:339000,-201.6,135.68,-424.32,488.97759130659557,245.4833797983523,490.9667595967046,736.4501393950569
165,2935437,0,192,-160,-16.671387,14.615049,-51.036339,55.64389185,84.08,2935.437,18:48:55:437000,-202.24,139.52,-430.08,495.31369292600823,245.4833797983523,490.9667595967046,736.4501393950569
166,2935534,-128,-96,64,-16.932411,14.333296,-50.642998,55.28890633,84.08,2935.534,18:48:55:534000,-206.08,136.32,-429.44,495.45012100109534,245.4833797983523,490.9667595967046,736.4501393950569
167,2935632,64,160,-64,-16.742678,14.704205,-50.688618,55.37027096,84.08,2935.632,18:48:55:632000,-204.8,140.8,-430.72,497.28000000000003,245.4833797983523,490.9667595967046,736.4501393950569
168,2935729,-224,-192,0,-17.228207,14.177688,-50.516037,55.22397982,84.08,2935.7290000000003,18:48:55:729000,-208.0,137.6,-431.36,498.26620354986954,245.4833797983523,490.9667595967046,736.4501393950569
169,2935827,-288,-224,-32,-17.863663,13.570047,-50.453144,55.21572576,84.08,2935.827,18:48:55:827000,-213.12,133.12,-431.36,499.21189729412504,245.4833797983523,490.9667595967046,736.4501393950569
170,2935924,-192,-224,160,-18.273577,12.962627,-49.740479,54.55335522,84.08,2935.924,18:48:55:924000,-216.32,128.64,-428.16,496.6523709799441,245.4833797983523,490.9667595967046,736.4501393950569
171,2936022,0,-32,-128,-18.230513,12.847417,-50.005707,54.75379859,84.08,2936.022,18:48:56:022000,-216.96,126.72,-430.08,498.0947765235046,245.4833797983523,490.9667595967046,736.4501393950569
172,2936119,160,256,-192,-17.811327,13.469429,-50.486057,55.20426468,84.08,2936.119,18:48:56:119000,-215.04,129.92,-432.64,500.2986883852485,245.4833797983523,490.9667595967046,736.4501393950569
173,2936217,384,256,736,-16.865158,14.091269,-47.826923,52.63470319,84.08,2936.217,18:48:56:217000,-209.28,134.4,-419.2,487.43216799878934,245.4833797983523,490.9667595967046,736.4501393950569
174,2936314,96,-320,128,-16.597887,13.232728,-47.225163,51.77654839,84.08,2936.314,18:48:56:314000,-207.36,129.28,-417.28,483.56394241092875,245.4833797983523,490.9667595967046,736.4501393950569
175,2936460,160,-1536,224,-16.179741,9.235282,-46.296829,49.9046173,84.08,2936.46,18:48:56:460000,-202.88,98.56,-412.8,470.40217686571134,245.4833797983523,490.9667595967046,736.4501393950569
176,2936558,-64,-704,448,-16.2931,7.342951,-44.601635,48.0488281,84.08,2936.558,18:48:56:558000,-203.52,84.48,-404.48,460.60973849887284,245.4833797983523,490.9667595967046,736.4501393950569
177,2936704,1312,-1856,-416,-13.148808,2.34213,-45.883499,47.78778301,84.08,2936.704,18:48:56:704000,-177.92,46.72,-411.52,450.76268168516344,245.4833797983523,490.9667595967046,736.4501393950569
178,2936802,32,608,1280,-13.039359,4.023484,-41.289257,43.48581436,84.08,2936.802,18:48:56:802000,-177.28,58.88,-388.48,431.05888600050923,245.4833797983523,490.9667595967046,736.4501393950569
179,2936899,-544,-512,-1280,-14.324538,2.577672,-45.679646,47.94232828,84.08,2936.899,18:48:56:899000,-186.24,49.28,-414.08,456.7013273464398,245.4833797983523,490.9667595967046,736.4501393950569
180,2936997,-640,-320,-1344,-15.85132,1.667113,-50.378246,52.83948601,84.08,2936.997,18:48:56:997000,-199.68,42.88,-440.96,485.9593793723916,245.4833797983523,490.9667595967046,736.4501393950569
181,2937143,-160,-448,192,-16.206598,0.393241,-49.481636,52.06957613,84.08,2937.143,18:48:57:143000,-202.24,35.84,-439.04,484.70779321153896,245.4833797983523,490.9667595967046,736.4501393950569
182,2937241,-96,640,-288,-16.403343,2.216282,-50.364964,53.0151975,84.08,2937.241,18:48:57:241000,-204.16,49.28,-445.44,492.4699154263131,245.4833797983523,490.9667595967046,736.4501393950569
183,2937387,-320,256,256,-17.15126,2.946774,-49.229191,52.21458075,84.08,2937.387,18:48:57:387000,-211.2,53.12,-440.32,491.23199895772257,245.4833797983523,490.9667595967046,736.4501393950569
184,2937484,-480,640,288,-18.295586,4.784461,-47.976009,51.56856575,84.08,2937.484,18:48:57:484000,-221.44,65.92,-434.56,492.1620806197893,245.4833797983523,490.9667595967046,736.4501393950569
185,2937582,32,-256,-64,-18.170399,4.024819,-48.035736,51.51499297,84.08,2937.582,18:48:57:582000,-222.72,60.8,-438.4,495.4749220697249,245.4833797983523,490.9667595967046,736.4501393950569
186,2937679,608,288,0,-16.614153,4.8539,-47.857304,50.89117774,84.08,2937.679,18:48:57:679000,-209.92,66.56,-437.12,489.4594308009602,245.4833797983523,490.9667595967046,736.4501393950569
187,2937777,-128,64,-704,-16.893747,5.027053,-50.287903,53.28736377,84.08,2937.777,18:48:57:777000,-208.64,76.8,-453.12,504.72430494280735,245.4833797983523,490.9667595967046,736.4501393950569
188,2937874,-992,-64,-352,-19.340704,4.825326,-51.415989,55.14481414,84.08,2937.8740000000003,18:48:57:874000,-232.96,74.24,-461.44,522.2152935332323,245.4833797983523,490.9667595967046,736.4501393950569
189,2937972,-608,928,1504,-20.842867,7.51909,-45.587193,50.6868226,84.08,2937.972,18:48:57:972000,-251.52,102.4,-428.8,507.56035148541696,245.4833797983523,490.9667595967046,736.4501393950569
190,2938069,-992,-160,736,-23.343821,7.02273,-42.57877,49.06326905,84.08,2938.069,18:48:58:069000,-273.28,99.84,-414.72,506.59911409318516,245.4833797983523,490.9667595967046,736.4501393950569
191,2938215,-320,-128,-160,-24.120579,6.622506,-43.036015,49.77708814,84.08,2938.215,18:48:58:215000,-279.68,95.36,-419.2,512.8772484717956,245.4833797983523,490.9667595967046,736.4501393950569
192,2938362,-160,-128,160,-24.477533,6.223577,-42.246605,49.22050555,84.08,2938.362,18:48:58:362000,-281.6,105.6,-419.84,516.4451041495116,245.4833797983523,490.9667595967046,736.4501393950569
193,2938508,96,-224,128,-24.161013,5.541541,-41.584576,48.41219048,84.08,2938.5080000000003,18:48:58:508000,-270.08,104.32,-420.48,510.51865705378486,245.4833797983523,490.9667595967046,736.4501393950569
194,2938605,32,-224,-448,-24.013498,4.860422,-43.1642,49.63285152,84.08,2938.605,18:48:58:605000,-273.28,94.08,-428.16,516.5791230779656,245.4833797983523,490.9667595967046,736.4501393950569
195,2938703,96,32,-96,-23.698742,4.941082,-43.370419,49.66928536,84.08,2938.703,18:48:58:703000,-273.28,99.84,-424.32,514.4875570895763,245.4833797983523,490.9667595967046,736.4501393950569
196,2938800,32,-160,-448,-23.552696,4.452055,-44.94521,50.93743402,84.08,2938.8,18:48:58:800000,-273.92,91.52,-435.84,522.8427893736318,245.4833797983523,490.9667595967046,736.4501393950569
197,2938898,224,96,224,-22.904572,4.72357,-43.894146,49.73557665,84.08,2938.898,18:48:58:898000,-273.28,91.52,-432.0,519.3090301544929,245.4833797983523,490.9667595967046,736.4501393950569
198,2939239,832,288,1664,-21.938572,5.440173,-35.691368,42.24654037,84.08,2939.239,18:48:59:239000,-252.8,108.16,-405.76,490.1505923693248,245.4833797983523,490.9667595967046,736.4501393950569
199,2939337,288,288,640,-21.101549,6.281472,-32.909252,39.59483714,84.08,2939.337,18:48:59:337000,-324.48,-11.52,-296.32,439.57425220319715,245.4833797983523,490.9667595967046,736.4501393950569
200,2939483,160,0,192,-20.610767,6.26272,-31.974588,38.55385397,84.08,2939.483,18:48:59:483000,-268.8,170.24,-346.88,470.70248777757695,245.4833797983523,490.9667595967046,736.4501393950569
201,2939580,-192,-576,96,-21.075647,4.529444,-31.442589,38.1226332,84.08,2939.58,18:48:59:580000,-272.64,298.24,-164.48,436.27209124581873,245.4833797983523,490.9667595967046,736.4501393950569
202,2939678,-288,-384,-64,-21.800169,3.362916,-31.577715,38.51893894,84.08,2939.678,18:48:59:678000,-36.48,14.08,-110.08,116.81884779435208,245.4833797983523,490.9667595967046,736.4501393950569
203,2939776,544,192,224,-20.260403,3.931963,-30.52066,36.84365549,84.08,2939.776,18:48:59:776000,-90.88,-11.52,-58.24,108.55313169135195,245.4833797983523,490.9667595967046,736.4501393950569
204,2939873,416,-192,384,-19.063026,3.340472,-28.804598,34.70248665,84.08,2939.873,18:48:59:873000,-23.04,-59.52,-44.8,77.97763782008276,245.4833797983523,490.9667595967046,736.4501393950569
205,2939971,320,-128,736,-18.126892,2.943622,-25.625425,31.52636247,84.08,2939.971,18:48:59:971000,-32.0,-83.84,-26.24,93.49696893482698,245.4833797983523,490.9667595967046,736.4501393950569
206,2940068,0,-736,32,-18.076645,0.711776,-25.383244,31.17019082,84.08,2940.068,18:49:00:068000,-34.56,-110.08,-23.68,117.78260652575149,245.4833797983523,490.9667595967046,736.4501393950569
207,2940166,800,-1344,-1312,-15.81442,-3.397115,-30.774044,34.76604744,84.08,2940.166,18:49:00:166000,-9.6,-136.32,-58.24,148.55032817197005,245.4833797983523,490.9667595967046,736.4501393950569
208,2940263,-896,544,-608,-18.281284,-1.684881,-33.244183,37.97657004,84.08,2940.263,18:49:00:263000,10.24,-161.92,-96.64,188.84446933918926,245.4833797983523,490.9667595967046,736.4501393950569
209,2940361,544,-576,576,-16.682217,-3.495255,-30.618296,35.04273422,84.08,2940.361,18:49:00:361000,-3.84,-112.0,34.56,117.2737788254476,245.4833797983523,490.9667595967046,736.4501393950569
210,2940458,-384,864,160,-17.735546,-0.738091,-29.790318,34.67790964,84.08,2940.458,18:49:00:458000,-19.2,-86.4,34.56,95.01575448313822,245.4833797983523,490.9667595967046,736.4501393950569
211,2940556,-480,-192,640,-19.067039,-1.354533,-26.882576,32.98574887,84.08,2940.556,18:49:00:556000,-28.8,-98.56,69.12,123.77838260374871,245.4833797983523,490.9667595967046,736.4501393950569
0,3002645,32,64,64,-25.849033,12.145277,-52.598858,59.85248636,116.84,3002.645,18:50:02:645000,-33.92,-101.76,73.6,130.08698628225653,245.4833797983523,490.9667595967046,736.4501393950569
1,3002743,-64,96,96,-25.972031,12.371145,-51.784473,59.23869738,116.84,3002.743,18:50:02:743000,-28.16,-98.56,77.44,128.4679446398984,245.4833797983523,490.9667595967046,736.4501393950569
2,3002889,-64,32,64,-26.094332,12.423964,-51.15152,58.75157055,116.84,3002.889,18:50:02:889000,-28.8,-103.04,78.72,132.82891251531046,245.4833797983523,490.9667595967046,736.4501393950569
3,3002986,-32,32,-32,-26.113277,12.476519,-51.047153,58.68030838,116.84,3002.986,18:50:02:986000,-29.44,-106.24,81.28,136.96747643145068,245.4833797983523,490.9667595967046,736.4501393950569
4,3003084,128,64,64,-25.620377,12.614525,-50.42337,57.94865141,116.84,3003.0840000000003,18:50:03:084000,-24.32,-103.04,81.28,133.47337712068276,245.4833797983523,490.9667595967046,736.4501393950569
5,3003181,-96,-96,64,-25.845444,12.324079,-49.804901,57.44909105,116.84,3003.181,18:50:03:181000,-27.52,-108.16,83.84,139.5889737765845,245.4833797983523,490.9667595967046,736.4501393950569
6,3003328,0,-64,-160,-25.762939,12.120084,-50.398663,57.88480538,116.84,3003.328,18:50:03:328000,-23.04,-105.6,80.64,134.8518120011741,245.4833797983523,490.9667595967046,736.4501393950569
7,3003425,64,-64,0,-25.477163,11.916867,-50.127964,57.47965143,116.84,3003.425,18:50:03:425000,-16.0,-102.4,81.28,131.71255976557438,245.4833797983523,490.9667595967046,736.4501393950569
8,3003523,32,-32,32,-25.29443,11.799758,-49.688759,56.99136118,116.84,3003.523,18:50:03:523000,-11.52,-98.56,78.72,126.66342171282126,245.4833797983523,490.9667595967046,736.4501393950569
9,3003620,-32,64,128,-25.315704,11.938707,-48.742023,56.20678251,116.84,3003.62,18:50:03:620000,-12.16,-96.64,83.84,128.51576090114395,245.4833797983523,490.9667595967046,736.4501393950569
10,3003718,0,32,0,-25.235626,11.992022,-48.482788,55.95736005,116.84,3003.718,18:50:03:718000,-15.36,-101.12,87.68,134.7180997490686,245.4833797983523,490.9667595967046,736.4501393950569
11,3004010,64,64,-32,-25.076683,12.013341,-48.309109,55.73984575,116.84,3004.01,18:50:04:010000,-21.76,-104.96,72.32,129.30692788864795,245.4833797983523,490.9667595967046,736.4501393950569
12,3004108,128,0,-64,-24.595558,11.981594,-48.391384,55.58980224,116.84,3004.108,18:50:04:108000,-21.12,-98.56,68.48,121.85909239773616,245.4833797983523,490.9667595967046,736.4501393950569
13,3004205,96,64,-64,-24.216557,12.118731,-48.472824,55.52404831,116.84,3004.205,18:50:04:205000,-22.4,-66.56,62.72,94.15833473463728,245.4833797983523,490.9667595967046,736.4501393950569
14,3004303,64,0,-32,-23.939518,12.086833,-48.387291,55.32198464,116.84,3004.303,18:50:04:303000,-19.84,-52.48,53.12,77.26260673831811,245.4833797983523,490.9667595967046,736.4501393950569
15,3004400,0,-64,-32,-23.864441,11.887042,-48.302616,55.17205836,116.84,3004.4,18:50:04:400000,-46.08,-16.64,60.8,78.0826229067646,245.4833797983523,490.9667595967046,736.4501393950569
16,3004498,-32,-128,-32,-23.889887,11.520129,-48.218784,55.03172906,116.84,3004.498,18:50:04:498000,-47.36,-31.36,34.56,66.48919310685008,245.4833797983523,490.9667595967046,736.4501393950569
17,3004595,-32,64,0,-23.915178,11.657803,-47.972019,54.85576284,116.84,3004.5950000000003,18:50:04:595000,-37.12,-19.84,60.16,73.42169706564947,245.4833797983523,490.9667595967046,736.4501393950569
18,3004693,-32,96,32,-23.940317,11.878715,-47.564445,54.5584006,116.84,3004.693,18:50:04:693000,-24.96,-11.52,87.68,91.88848894176029,245.4833797983523,490.9667595967046,736.4501393950569
19,3004790,32,32,-32,-23.76689,11.931368,-47.485397,54.42504507,116.84,3004.79,18:50:04:790000,-21.12,-1.92,83.2,85.86023992512484,245.4833797983523,490.9667595967046,736.4501393950569
20,3004888,0,96,-32,-23.693354,12.150871,-47.407124,54.37328476,116.84,3004.888,18:50:04:888000,-19.2,-12.8,88.32,91.2847325679382,245.4833797983523,490.9667595967046,736.4501393950569
21,3004985,96,0,32,-23.32398,12.119175,-47.007652,53.85723528,116.84,3004.985,18:50:04:985000,-10.88,-17.92,83.84,86.42133070023858,245.4833797983523,490.9667595967046,736.4501393950569
22,3005083,64,-32,-32,-23.054688,12.004358,-46.932411,53.64955221,116.84,3005.083,18:50:05:083000,0.0,-31.36,77.44,83.54880729250418,245.4833797983523,490.9667595967046,736.4501393950569
23,3005180,-64,128,32,-23.180788,12.305709,-46.538548,53.42860522,116.84,3005.18,18:50:05:180000,-1.92,-23.68,79.36,82.8398358279397,245.4833797983523,490.9667595967046,736.4501393950569
24,3005278,32,64,-32,-23.01123,12.43997,-46.466248,53.32336976,116.84,3005.2780000000002,18:50:05:278000,-13.44,-28.16,78.72,84.67855454600061,245.4833797983523,490.9667595967046,736.4501393950569
25,3005375,96,0,-32,-22.646255,12.407711,-46.394642,53.09676981,116.84,3005.375,18:50:05:375000,-8.96,-29.44,92.16,97.16203373746352,245.4833797983523,490.9667595967046,736.4501393950569
26,3005473,32,-32,-32,-22.478786,12.292825,-46.323723,52.93672335,116.84,3005.473,18:50:05:473000,11.52,-28.8,98.56,103.32581478023776,245.4833797983523,490.9667595967046,736.4501393950569
27,3005570,0,32,0,-22.410034,12.343722,-46.09655,52.72066975,116.84,3005.57,18:50:05:570000,23.68,-46.72,68.48,86.21491286314682,245.4833797983523,490.9667595967046,736.4501393950569
28,3005668,64,64,-32,-22.146431,12.476844,-46.027695,52.58026958,116.84,3005.668,18:50:05:668000,44.8,-42.24,53.12,81.3203049674557,245.4833797983523,490.9667595967046,736.4501393950569
29,3005765,-64,-32,32,-22.273941,12.362401,-45.648308,52.27547637,116.84,3005.765,18:50:05:765000,49.92,-40.32,56.96,85.80297430742131,245.4833797983523,490.9667595967046,736.4501393950569
30,3005863,128,64,64,-21.817131,12.495046,-45.116928,51.64930369,116.84,3005.8630000000003,18:50:05:863000,55.68,-36.48,55.04,86.37392199037855,245.4833797983523,490.9667595967046,736.4501393950569
31,3006009,-32,64,64,-21.848083,12.627147,-44.589527,51.23484644,116.84,3006.009,18:50:06:009000,53.12,-30.72,53.76,81.5818018923338,245.4833797983523,490.9667595967046,736.4501393950569
32,3006106,0,64,-32,-21.781858,12.758706,-44.528839,51.18643785,116.84,3006.106,18:50:06:106000,52.48,-24.96,62.08,85.03574777703786,245.4833797983523,490.9667595967046,736.4501393950569
33,3006204,0,0,96,-21.716005,12.726083,-43.854492,50.56436028,116.84,3006.204,18:50:06:204000,50.56,-25.6,65.92,86.9316973261192,245.4833797983523,490.9667595967046,736.4501393950569
34,3006301,64,32,32,-21.457531,12.775252,-43.491219,50.15096041,116.84,3006.301,18:50:06:301000,51.2,-21.76,75.52,93.79876331807365,245.4833797983523,490.9667595967046,736.4501393950569
35,3006399,-64,-64,128,-21.585649,12.579816,-42.672615,49.4483982,116.84,3006.399,18:50:06:399000,45.44,-24.96,73.6,90.02641390169887,245.4833797983523,490.9667595967046,736.4501393950569
36,3006496,-32,-64,0,-21.616945,12.385074,-42.469196,49.23733317,116.84,3006.496,18:50:06:496000,28.16,-32.0,40.32,58.67442372959448,245.4833797983523,490.9667595967046,736.4501393950569
37,3006594,32,-32,128,-21.456272,12.272317,-41.65974,48.4408434,116.84,3006.594,18:50:06:594000,23.04,-38.4,30.08,53.94634371298948,245.4833797983523,490.9667595967046,736.4501393950569
38,3006691,0,0,-64,-21.392097,12.241192,-41.765678,48.4957777,116.84,3006.6910000000003,18:50:06:691000,19.84,-38.4,24.96,49.91179419736382,245.4833797983523,490.9667595967046,736.4501393950569
39,3006789,-64,-32,-128,-21.519209,12.129243,-42.172852,48.87478223,116.84,3006.789,18:50:06:789000,22.4,-27.52,20.48,40.9699987795948,245.4833797983523,490.9667595967046,736.4501393950569
40,3006886,64,0,0,-21.264624,12.098601,-41.974319,48.58398744,116.84,3006.886,18:50:06:886000,29.44,-19.84,21.76,41.63936598940959,245.4833797983523,490.9667595967046,736.4501393950569
41,3007033,64,-64,-32,-21.011118,11.906794,-41.927544,48.38551197,116.84,3007.033,18:50:07:033000,19.84,-24.96,16.64,35.96549457466142,245.4833797983523,490.9667595967046,736.4501393950569
42,3007130,64,0,0,-20.758688,11.876812,-41.731804,48.09911908,116.84,3007.13,18:50:07:130000,12.8,-21.12,8.96,26.271200962270456,245.4833797983523,490.9667595967046,736.4501393950569
43,3007228,32,-32,-32,-20.602226,11.766582,-41.686543,47.96532117,116.84,3007.228,18:50:07:228000,7.04,-19.2,-6.4,21.428056374762505,245.4833797983523,490.9667595967046,736.4501393950569
44,3007325,-32,-64,0,-20.635963,11.576547,-41.49353,47.76580829,116.84,3007.3250000000003,18:50:07:325000,6.4,-5.76,-7.04,11.122014206068972,245.4833797983523,490.9667595967046,736.4501393950569
45,3007423,64,96,32,-20.386127,11.788084,-41.154537,47.4157043,116.84,3007.4230000000002,18:50:07:423000,-8.32,23.04,19.84,31.522842511423363,245.4833797983523,490.9667595967046,736.4501393950569
46,3007520,0,32,-32,-20.326025,11.838687,-41.112442,47.36596552,116.84,3007.52,18:50:07:520000,9.6,12.8,31.36,35.20581770105617,245.4833797983523,490.9667595967046,736.4501393950569
47,3007618,0,-32,-32,-20.266253,11.729161,-41.070728,47.27683288,116.84,3007.618,18:50:07:618000,-1.28,23.68,19.2,30.512633449114155,245.4833797983523,490.9667595967046,736.4501393950569
48,3007715,0,0,32,-20.206806,11.699904,-40.737682,46.95488789,116.84,3007.715,18:50:07:715000,6.4,6.4,16.64,18.94227019129439,245.4833797983523,490.9667595967046,736.4501393950569
49,3007813,-64,128,96,-20.33494,11.989341,-40.116379,46.5465138,116.84,3007.813,18:50:07:813000,14.72,12.8,5.76,20.3395181850505,245.4833797983523,490.9667595967046,736.4501393950569
50,3007910,32,-128,-64,-20.182129,11.641007,-40.224705,46.48503272,116.84,3007.91,18:50:07:910000,14.72,8.96,3.2,17.527121840165318,245.4833797983523,490.9667595967046,736.4501393950569
51,3008008,-32,64,-32,-20.216572,11.771331,-40.187553,46.50068207,116.84,3008.0080000000003,18:50:08:008000,15.36,8.32,0.64,17.48032036319701,245.4833797983523,490.9667595967046,736.4501393950569
52,3008105,0,32,-32,-20.15781,11.821609,-40.15073,46.45609608,116.84,3008.105,18:50:08:105000,16.64,8.32,-1.28,18.648066923946836,245.4833797983523,490.9667595967046,736.4501393950569
53,3008300,-32,0,-96,-19.948805,11.604722,-39.223408,45.50934112,116.84,3008.3,18:50:08:300000,16.64,7.68,-2.56,18.50474533734523,245.4833797983523,490.9667595967046,736.4501393950569
54,3008398,0,-64,-128,-19.89119,11.417801,-39.619953,45.77954014,116.84,3008.398,18:50:08:398000,14.08,5.12,-6.4,16.291740238538054,245.4833797983523,490.9667595967046,736.4501393950569
55,3008544,0,-96,-128,-19.833883,11.152482,-40.013664,46.03101211,116.84,3008.544,18:50:08:544000,16.0,5.12,-10.24,19.67414547064243,245.4833797983523,490.9667595967046,736.4501393950569
56,3008641,-64,32,-32,-19.960812,11.203958,-39.978062,46.06743027,116.84,3008.641,18:50:08:641000,14.72,7.04,-7.68,18.033923588614876,245.4833797983523,490.9667595967046,736.4501393950569
57,3008739,-128,0,-32,-20.270685,11.17635,-39.942768,46.16531366,116.84,3008.739,18:50:08:739000,10.88,8.32,-8.32,16.02557955270261,245.4833797983523,490.9667595967046,736.4501393950569
58,3008836,32,0,-64,-20.120871,11.148871,-40.04874,46.1849364,116.84,3008.8360000000002,18:50:08:836000,10.88,8.96,-10.24,17.421641713684735,245.4833797983523,490.9667595967046,736.4501393950569
59,3008934,-64,-32,-32,-20.246405,11.043022,-40.013424,46.18375635,116.84,3008.934,18:50:08:934000,10.24,7.04,-13.44,18.304447546976114,245.4833797983523,490.9667595967046,736.4501393950569
60,3009031,32,32,-32,-20.097229,11.094351,-39.978409,46.10050351,116.84,3009.031,18:50:09:031000,10.88,7.04,-14.08,19.135892976289348,245.4833797983523,490.9667595967046,736.4501393950569
61,3009129,32,32,0,-19.948748,11.14545,-39.804459,45.89736985,116.84,3009.129,18:50:09:129000,10.24,6.4,-13.44,18.067960593271174,245.4833797983523,490.9667595967046,736.4501393950569
62,3009226,64,32,-32,-19.709919,11.196321,-39.770622,45.77707816,116.84,3009.226,18:50:09:226000,8.96,7.04,-12.8,17.137187633914735,245.4833797983523,490.9667595967046,736.4501393950569
63,3009324,0,-32,32,-19.653912,11.091164,-39.460743,45.45811714,116.84,3009.324,18:50:09:324000,7.04,5.12,-10.88,13.933786276529435,245.4833797983523,490.9667595967046,736.4501393950569
64,3009421,-32,32,-32,-19.68891,11.141984,-39.428623,45.45781887,116.84,3009.4210000000003,18:50:09:421000,5.12,5.76,-10.88,13.332906659839782,245.4833797983523,490.9667595967046,736.4501393950569
65,3009519,64,-32,0,-19.452291,11.037334,-39.259579,45.18328131,116.84,3009.5190000000002,18:50:09:519000,6.4,6.4,-10.24,13.66666016260008,245.4833797983523,490.9667595967046,736.4501393950569
66,3009616,-32,0,160,-19.487728,11.010603,-38.408257,44.45446127,116.84,3009.616,18:50:09:616000,6.4,8.96,-6.4,12.735839194964736,245.4833797983523,490.9667595967046,736.4501393950569
67,3009714,-64,-64,32,-19.613111,10.829333,-38.107533,44.20557259,116.84,3009.714,18:50:09:714000,5.76,6.4,-5.76,10.359304995992733,245.4833797983523,490.9667595967046,736.4501393950569
68,3009811,-32,64,-128,-19.647936,10.957706,-38.490379,44.58275435,116.84,3009.811,18:50:09:811000,5.76,5.76,-8.96,12.10936827419168,245.4833797983523,490.9667595967046,736.4501393950569
69,3009909,0,64,-64,-19.592838,11.085597,-38.598755,44.68370675,116.84,3009.909,18:50:09:909000,5.12,6.4,-9.6,12.622773070922253,245.4833797983523,490.9667595967046,736.4501393950569
70,3010007,32,-64,-128,-19.448507,10.904802,-38.977158,44.90409755,116.84,3010.007,18:50:10:007000,5.76,3.2,-11.52,13.27132246612974,245.4833797983523,490.9667595967046,736.4501393950569
71,3010104,-32,96,0,-19.483559,11.109513,-38.812584,44.82685609,116.84,3010.1040000000003,18:50:10:104000,3.2,5.12,-12.16,13.576450198781712,245.4833797983523,490.9667595967046,736.4501393950569
72,3010201,0,96,64,-19.429287,11.313587,-38.379967,44.48051608,116.84,3010.201,18:50:10:201000,1.92,7.68,-10.24,12.943198986340278,245.4833797983523,490.9667595967046,736.4501393950569
73,3010299,32,-64,96,-19.286375,11.132664,-37.815735,43.8854222,116.84,3010.299,18:50:10:299000,3.84,3.84,-8.96,10.477251547996737,245.4833797983523,490.9667595967046,736.4501393950569
74,3010396,0,0,-32,-19.232876,11.105944,-37.791351,43.83413877,116.84,3010.396,18:50:10:396000,3.2,2.56,-8.96,9.852674763738017,245.4833797983523,490.9667595967046,736.4501393950569
75,3010494,-64,32,32,-19.356762,11.155983,-37.499947,43.65072985,116.84,3010.494,18:50:10:494000,0.0,3.2,-7.68,8.32,245.4833797983523,490.9667595967046,736.4501393950569
76,3010591,-64,-32,128,-19.480074,11.052833,-36.810837,43.08916478,116.84,3010.591,18:50:10:591000,-1.92,3.2,-4.48,5.830677490652352,245.4833797983523,490.9667595967046,736.4501393950569
77,3010689,32,-32,0,-19.338142,10.950086,-36.657696,42.86787603,116.84,3010.689,18:50:10:689000,-1.28,1.92,-4.48,5.039365039367559,245.4833797983523,490.9667595967046,736.4501393950569
78,3010786,0,32,64,-19.28492,11.000245,-36.240368,42.50032708,116.84,3010.786,18:50:10:786000,-2.56,1.28,-2.56,3.84,245.4833797983523,490.9667595967046,736.4501393950569
79,3010884,-32,0,-64,-19.319832,10.974084,-36.355213,42.60736956,116.84,3010.884,18:50:10:884000,-1.92,1.92,-4.48,5.238625773998368,245.4833797983523,490.9667595967046,736.4501393950569
80,3010981,-128,-32,0,-19.6175,10.872102,-36.205341,42.58961875,116.84,3010.981,18:50:10:981000,-7.04,0.0,-5.76,9.096109058273212,245.4833797983523,490.9667595967046,736.4501393950569
81,3011079,-32,-96,-96,-19.651396,10.618867,-36.451004,42.75059524,116.84,3011.079,18:50:11:079000,-7.04,-3.2,-8.96,11.835674885700435,245.4833797983523,490.9667595967046,736.4501393950569
82,3011176,-64,-32,32,-19.772493,10.517905,-36.170593,42.54279731,116.84,3011.176,18:50:11:176000,-8.32,-5.12,-7.68,12.426552216926464,245.4833797983523,490.9667595967046,736.4501393950569
83,3011274,32,64,64,-19.631384,10.644409,-35.76136,42.16123278,116.84,3011.274,18:50:11:274000,-7.68,-3.84,-8.32,11.956186683052419,245.4833797983523,490.9667595967046,736.4501393950569
84,3011371,0,-96,0,-19.577969,10.392484,-35.615566,41.94960233,116.84,3011.371,18:50:11:371000,-8.96,-6.4,-8.96,14.195886728204055,245.4833797983523,490.9667595967046,736.4501393950569
85,3011469,0,64,32,-19.524822,10.519091,-35.340832,41.72342695,116.84,3011.469,18:50:11:469000,-7.68,-3.84,-10.88,13.860101009732938,245.4833797983523,490.9667595967046,736.4501393950569
86,3011566,32,-64,-64,-19.385275,10.343323,-35.456966,41.7129435,116.84,3011.5660000000003,18:50:11:566000,-6.4,-3.84,-12.16,14.26783795814909,245.4833797983523,490.9667595967046,736.4501393950569
87,3011664,-64,0,0,-19.505903,10.318947,-35.313786,41.64161861,116.84,3011.664,18:50:11:664000,-8.32,-3.2,-14.72,17.208741964478403,245.4833797983523,490.9667595967046,736.4501393950569
88,3011761,-64,32,-64,-19.625988,10.369932,-35.429241,41.80844427,116.84,3011.761,18:50:11:761000,-9.6,-2.56,-14.72,17.759279264654857,245.4833797983523,490.9667595967046,736.4501393950569
89,3011859,-32,-32,-32,-19.659325,10.270486,-35.415485,41.7878992,116.84,3011.859,18:50:11:859000,-8.96,-2.56,-12.8,15.832725602371818,245.4833797983523,490.9667595967046,736.4501393950569
90,3011956,64,0,0,-19.434494,10.246416,-35.273994,41.55650672,116.84,3011.956,18:50:11:956000,-8.96,-2.56,-12.8,15.832725602371818,245.4833797983523,490.9667595967046,736.4501393950569
91,3012054,96,96,-32,-19.124584,10.446958,-35.260956,41.45146153,116.84,3012.054,18:50:12:054000,-8.32,0.64,-12.8,15.279790574481053,245.4833797983523,490.9667595967046,736.4501393950569
92,3012151,-32,-32,0,-19.159138,10.347754,-35.121094,41.32359889,116.84,3012.151,18:50:12:151000,-10.24,0.0,-12.8,16.391998047828093,245.4833797983523,490.9667595967046,736.4501393950569
93,3012249,-32,32,0,-19.193516,10.398283,-34.982239,41.23435935,116.84,3012.2490000000003,18:50:12:249000,-11.52,1.28,-12.16,16.79923807796056,245.4833797983523,490.9667595967046,736.4501393950569
94,3012255,-64,0,-64,-19.313183,10.374063,-35.096592,41.38104627,116.84,3012.255,18:50:12:255000,-12.16,2.56,-13.44,18.304447546976114,245.4833797983523,490.9667595967046,736.4501393950569
95,3012444,-64,32,64,-19.432318,10.424328,-34.707378,41.12035609,116.84,3012.444,18:50:12:444000,-14.72,1.28,-12.8,19.548831167105618,245.4833797983523,490.9667595967046,736.4501393950569
96,3012541,-32,0,32,-19.465763,10.400145,-34.445889,40.90963474,116.84,3012.541,18:50:12:541000,-15.36,0.64,-11.52,19.21066370534865,245.4833797983523,490.9667595967046,736.4501393950569
97,3012639,0,-32,0,-19.414083,10.301989,-34.311211,40.7467397,116.84,3012.639,18:50:12:639000,-15.36,0.64,-10.88,18.833841881039568,245.4833797983523,490.9667595967046,736.4501393950569
98,3012736,-64,-96,64,-19.532187,10.05626,-33.928062,40.41964974,116.84,3012.736,18:50:12:736000,-16.64,-1.28,-10.24,19.580234932196294,245.4833797983523,490.9667595967046,736.4501393950569
99,3012834,-32,0,0,-19.565155,10.033018,-33.796089,40.31913159,116.84,3012.8340000000003,18:50:12:834000,-16.0,-3.84,-12.16,20.4599902248266,245.4833797983523,490.9667595967046,736.4501393950569
100,3012931,-64,64,-64,-19.682371,10.157482,-33.9132,40.50525031,116.84,3012.931,18:50:12:931000,-17.92,0.0,-12.16,21.65622312408145,245.4833797983523,490.9667595967046,736.4501393950569
101,3013029,32,64,96,-19.546274,10.281507,-33.411129,40.05083962,116.84,3013.029,18:50:13:029000,-16.64,0.0,-9.6,19.210663705348654,245.4833797983523,490.9667595967046,736.4501393950569
102,3013126,32,-32,0,-19.410753,10.184232,-33.282169,39.85221056,116.84,3013.126,18:50:13:126000,-16.0,-1.28,-8.96,18.38260046892169,245.4833797983523,490.9667595967046,736.4501393950569
103,3013224,0,-64,-64,-19.359802,10.013808,-33.400356,39.88310501,116.84,3013.224,18:50:13:224000,-15.36,-2.56,-8.32,17.655186206891162,245.4833797983523,490.9667595967046,736.4501393950569
104,3013321,-64,0,0,-19.476717,9.990822,-33.272263,39.827158,116.84,3013.321,18:50:13:321000,-16.64,-1.28,-5.76,17.655186206891162,245.4833797983523,490.9667595967046,736.4501393950569
105,3013419,64,-64,-96,-19.258465,9.821336,-33.51207,39.87989407,116.84,3013.419,18:50:13:419000,-15.36,-0.64,-5.12,16.20350579350037,245.4833797983523,490.9667595967046,736.4501393950569
106,3013516,32,0,0,-19.124575,9.798857,-33.384281,39.70235743,116.84,3013.516,18:50:13:516000,-13.44,-1.28,-4.48,14.224710893371435,245.4833797983523,490.9667595967046,736.4501393950569
107,3013614,-96,0,0,-19.32506,9.776476,-33.257381,39.68741385,116.84,3013.614,18:50:13:614000,-12.8,-1.28,-3.84,13.42475325657794,245.4833797983523,490.9667595967046,736.4501393950569
108,3013760,-96,-32,96,-19.524807,9.681257,-32.767578,39.35300488,116.84,3013.76,18:50:13:760000,-15.36,-1.92,-0.64,15.492759599245062,245.4833797983523,490.9667595967046,736.4501393950569
109,3013858,32,64,-96,-19.390722,9.804884,-33.006897,39.5169723,116.84,3013.858,18:50:13:858000,-13.44,0.0,-1.92,13.57645019878171,245.4833797983523,490.9667595967046,736.4501393950569
110,3013955,0,32,-64,-19.34034,9.855339,-33.123905,39.60264563,116.84,3013.955,18:50:13:955000,-14.08,0.0,-2.56,14.310835055998654,245.4833797983523,490.9667595967046,736.4501393950569
111,3014053,64,64,0,-19.124279,9.978198,-32.999249,39.42401447,116.84,3014.053,18:50:14:053000,-13.44,0.64,-2.56,13.696598117780924,245.4833797983523,490.9667595967046,736.4501393950569
112,3014150,0,32,32,-19.074745,10.028109,-32.75539,39.20872914,116.84,3014.15,18:50:14:150000,-14.72,0.64,-1.28,14.78940161061292,245.4833797983523,490.9667595967046,736.4501393950569
113,3014248,-32,-32,-128,-19.108149,9.93303,-33.111847,39.49912474,116.84,3014.248,18:50:14:248000,-15.36,0.64,-4.48,16.01279488409191,245.4833797983523,490.9667595967046,736.4501393950569
114,3014345,-32,-32,64,-19.14139,9.838302,-32.749069,39.18783635,116.84,3014.3450000000003,18:50:14:345000,-15.36,-0.64,-2.56,15.585018447213978,245.4833797983523,490.9667595967046,736.4501393950569
115,3014443,32,-32,32,-19.009832,9.743921,-32.507622,38.89811303,116.84,3014.443,18:50:14:443000,-16.0,-0.64,-1.92,16.127492055493317,245.4833797983523,490.9667595967046,736.4501393950569
116,3014540,0,32,-64,-18.961006,9.794056,-32.624771,38.98485558,116.84,3014.54,18:50:14:540000,-15.36,0.0,-6.4,16.64,245.4833797983523,490.9667595967046,736.4501393950569
117,3018496,-32,0,-128,-18.994423,9.772033,-32.978466,39.29198333,116.84,3018.496,18:50:18:496000,-14.72,1.28,-9.6,17.62035186935834,245.4833797983523,490.9667595967046,736.4501393950569
118,3018545,-96,-32,64,-3.072146,0.305121,1.008023,3.247659194,116.84,3018.545,18:50:18:545000,-16.0,-0.64,-5.76,17.017261824394662,245.4833797983523,490.9667595967046,736.4501393950569
119,3018691,-32,-32,32,-3.114052,0.268404,1.072766,3.304570692,116.84,3018.6910000000003,18:50:18:691000,-16.64,-2.56,-3.84,17.268144080937017,245.4833797983523,490.9667595967046,736.4501393950569
120,3018789,32,0,0,-3.063229,0.268099,1.070529,3.25596089,116.84,3018.789,18:50:18:789000,-16.64,-1.28,-1.28,16.738171943196186,245.4833797983523,490.9667595967046,736.4501393950569
121,3018935,32,-32,0,-3.012517,0.231484,1.0683,3.204700986,116.84,3018.935,18:50:18:935000,-15.36,-3.84,-1.28,15.884382266868295,245.4833797983523,490.9667595967046,736.4501393950569
122,3019033,-32,0,96,-3.05441,0.231221,1.265511,3.314272422,116.84,3019.033,18:50:19:033000,-16.0,-5.76,-0.64,17.017261824394662,245.4833797983523,490.9667595967046,736.4501393950569
123,3019130,0,-64,-32,-3.049999,0.158454,1.196418,3.280094145,116.84,3019.13,18:50:19:130000,-16.64,-5.76,-3.2,17.897128261260242,245.4833797983523,490.9667595967046,736.4501393950569
124,3019277,-64,-32,32,-3.137888,0.122016,1.260307,3.383726162,116.84,3019.277,18:50:19:277000,-17.92,-6.4,-1.92,19.125187580779436,245.4833797983523,490.9667595967046,736.4501393950569
125,3019374,-64,-32,32,-3.22563,0.085638,1.323971,3.48782482,116.84,3019.3740000000003,18:50:19:374000,-17.92,-7.68,-1.92,19.59069166721788,245.4833797983523,490.9667595967046,736.4501393950569
126,3019520,-64,64,160,-3.313225,0.157986,1.652122,3.705661423,116.84,3019.52,18:50:19:520000,-17.92,-5.76,-1.28,18.866435805419105,245.4833797983523,490.9667595967046,736.4501393950569
127,3019618,0,32,-32,-3.308451,0.194035,1.582452,3.672553871,116.84,3019.618,18:50:19:618000,-18.56,-4.48,-1.92,19.189330368723134,245.4833797983523,490.9667595967046,736.4501393950569
128,3019715,32,96,64,-3.257641,0.302445,1.711496,3.692277945,116.84,3019.715,18:50:19:715000,-17.92,-3.2,-1.92,18.304447546976117,245.4833797983523,490.9667595967046,736.4501393950569
129,3019813,32,-64,0,-3.206942,0.229626,1.70796,3.640650004,116.84,3019.813,18:50:19:813000,-16.64,-4.48,-0.64,17.244407789193577,245.4833797983523,490.9667595967046,736.4501393950569
130,3019910,-32,0,64,-3.248315,0.229366,1.836378,3.73850816,116.84,3019.91,18:50:19:910000,-14.72,-3.84,0.64,15.226082884314009,245.4833797983523,490.9667595967046,736.4501393950569
131,3020008,0,0,64,-3.243652,0.229106,1.964427,3.799044787,116.84,3020.0080000000003,18:50:20:008000,-14.08,-1.92,3.84,14.719999999999999,245.4833797983523,490.9667595967046,736.4501393950569
132,3020154,32,-32,-32,-3.193122,0.192685,1.894522,3.717844702,116.84,3020.154,18:50:20:154000,-12.16,-1.92,2.56,12.57400493080864,245.4833797983523,490.9667595967046,736.4501393950569
133,3020252,32,-128,-128,-3.142703,0.04789,1.627544,3.539459714,116.84,3020.252,18:50:20:252000,-12.16,-5.76,-1.28,13.51597573244344,245.4833797983523,490.9667595967046,736.4501393950569
134,3020349,-64,-32,-32,-3.229827,0.01164,1.55839,3.586153557,116.84,3020.349,18:50:20:349000,-13.44,-4.48,-1.92,14.296517058360752,245.4833797983523,490.9667595967046,736.4501393950569
135,3020447,64,0,0,-3.1336,0.011626,1.55519,3.498313888,116.84,3020.447,18:50:20:447000,-12.16,-5.76,-2.56,13.696598117780926,245.4833797983523,490.9667595967046,736.4501393950569
136,3020544,-768,-320,-320,-4.228265,-0.349762,0.896174,4.336321737,116.84,3020.544,18:50:20:544000,-28.16,-10.88,-7.68,31.15031942051317,245.4833797983523,490.9667595967046,736.4501393950569
137,3020642,736,-960,-192,-3.154217,-1.439191,0.499117,3.502780809,116.84,3020.6420000000003,18:50:20:642000,-12.16,-30.08,-11.52,34.42938280016068,245.4833797983523,490.9667595967046,736.4501393950569
138,3020739,352,0,416,-2.632039,-1.437528,1.355913,3.291293987,116.84,3020.739,18:50:20:739000,-3.84,-30.72,-1.92,31.018549289094743,245.4833797983523,490.9667595967046,736.4501393950569
139,3020837,768,512,96,-1.492629,-0.844823,1.55229,2.313281539,116.84,3020.837,18:50:20:837000,12.16,-19.84,0.64,23.27876285372571,245.4833797983523,490.9667595967046,736.4501393950569
140,3020934,448,-128,128,-0.818805,-0.992944,1.814607,2.224674803,116.84,3020.934,18:50:20:934000,19.84,-22.4,3.2,30.093613940502394,245.4833797983523,490.9667595967046,736.4501393950569
141,3021032,0,-32,256,-0.817568,-1.029113,2.342155,2.685736593,116.84,3021.032,18:50:21:032000,17.92,-24.96,8.96,32.00639936012797,245.4833797983523,490.9667595967046,736.4501393950569
142,3021129,512,0,160,-0.044231,-1.027913,2.670344,2.861695056,116.84,3021.129,18:50:21:129000,28.8,-24.32,12.16,39.60767602372045,245.4833797983523,490.9667595967046,736.4501393950569
143,3021275,288,288,128,0.393932,-0.691337,2.931514,3.037581867,116.84,3021.275,18:50:21:275000,35.2,-19.2,14.72,42.71250870646678,245.4833797983523,490.9667595967046,736.4501393950569
144,3021373,-160,288,160,0.148915,-0.353605,3.25896,3.281468033,116.84,3021.373,18:50:21:373000,33.28,-13.44,19.2,40.70420125736408,245.4833797983523,490.9667595967046,736.4501393950569
145,3021519,-64,-224,-448,0.050758,-0.616444,2.31722,2.398351123,116.84,3021.5190000000002,18:50:21:519000,33.28,-18.56,8.96,39.14477742943495,245.4833797983523,490.9667595967046,736.4501393950569
146,3021617,-32,0,192,0.001728,-0.615717,2.715806,2.784728468,116.84,3021.617,18:50:21:617000,33.28,-18.56,12.16,39.99871997951935,245.4833797983523,490.9667595967046,736.4501393950569
147,3021714,-96,384,32,-0.145002,-0.162742,2.777445,2.785984793,116.84,3021.714,18:50:21:714000,31.36,-10.24,12.8,35.38569202375446,245.4833797983523,490.9667595967046,736.4501393950569
148,3021812,-160,2144,1504,-0.38942,2.378921,5.932515,6.403565201,116.84,3021.812,18:50:21:812000,29.44,34.56,41.6,61.57651500369277,245.4833797983523,490.9667595967046,736.4501393950569
149,3021909,-3712,2240,5920,-6.0739,5.141698,18.707447,20.32972928,116.84,3021.909,18:50:21:909000,-44.16,79.36,160.0,183.9785726654058,245.4833797983523,490.9667595967046,736.4501393950569
150,3022202,-96,-32,-192,-6.671624,2.664673,16.798016,18.26976712,116.84,3022.202,18:50:22:202000,-44.8,77.44,157.44,181.08381263934112,245.4833797983523,490.9667595967046,736.4501393950569
151,3022299,-224,-320,64,-7.032256,2.230917,16.912729,18.45182965,116.84,3022.299,18:50:22:299000,-49.92,69.76,156.8,178.73081435499589,245.4833797983523,490.9667595967046,736.4501393950569
152,3022305,64,160,0,-6.914071,2.444085,16.871687,18.39651466,116.84,3022.305,18:50:22:305000,-49.28,73.6,156.8,180.0880851139242,245.4833797983523,490.9667595967046,736.4501393950569
153,3022543,-64,-480,320,-7.009028,1.791064,17.605749,19.03409524,116.84,3022.543,18:50:22:543000,-50.56,65.28,164.48,184.0420125949507,245.4833797983523,490.9667595967046,736.4501393950569
154,3022640,1184,544,-1728,-5.028916,2.531051,13.363259,14.50078985,116.84,3022.64,18:50:22:640000,-25.6,76.16,129.92,152.75769047743552,245.4833797983523,490.9667595967046,736.4501393950569
155,3022738,-960,-992,832,-6.65166,1.160923,15.417154,16.83095245,116.84,3022.7380000000003,18:50:22:738000,-46.08,57.6,148.48,165.79335571729044,245.4833797983523,490.9667595967046,736.4501393950569
156,3022835,-1056,736,-1344,-8.465692,2.191971,11.959458,14.81557672,116.84,3022.835,18:50:22:835000,-67.84,72.32,121.6,156.90445500367414,245.4833797983523,490.9667595967046,736.4501393950569
157,3022933,1152,96,160,-6.421076,2.325337,12.345231,14.10822943,116.84,3022.933,18:50:22:933000,-42.88,74.24,124.8,151.4110696085329,245.4833797983523,490.9667595967046,736.4501393950569
158,3023079,-320,-32,32,-6.985374,2.276515,12.396466,14.41007772,116.84,3023.079,18:50:23:079000,-47.36,74.24,123.52,151.69620166635684,245.4833797983523,490.9667595967046,736.4501393950569
159,3023177,160,288,-128,-6.683539,2.682609,12.031295,14.02205919,116.84,3023.177,18:50:23:177000,-44.8,78.72,122.88,152.65442279868606,245.4833797983523,490.9667595967046,736.4501393950569
160,3023323,0,-160,128,-6.67144,2.450402,12.33299,14.23429745,116.84,3023.323,18:50:23:323000,-44.8,74.88,126.72,153.8571181323763,245.4833797983523,490.9667595967046,736.4501393950569
161,3023420,-160,-192,128,-6.948547,2.172345,12.633814,14.58131148,116.84,3023.42,18:50:23:420000,-49.28,69.76,129.28,154.94610159665197,245.4833797983523,490.9667595967046,736.4501393950569
162,3023518,96,-64,0,-6.762258,2.077489,12.600965,14.45089661,116.84,3023.518,18:50:23:518000,-47.36,67.84,128.64,152.94928832786374,245.4833797983523,490.9667595967046,736.4501393950569
163,3023615,-256,64,128,-7.213374,2.166243,12.900302,14.93797727,116.84,3023.6150000000002,18:50:23:615000,-51.84,69.76,133.76,159.51671009646606,245.4833797983523,490.9667595967046,736.4501393950569
164,3023713,128,-192,96,-6.967866,1.887998,13.115793,14.97129651,116.84,3023.713,18:50:23:713000,-48.64,66.56,134.4,157.66877687100893,245.4833797983523,490.9667595967046,736.4501393950569
165,3023810,64,-64,0,-6.838896,1.793348,13.081814,14.87011947,116.84,3023.81,18:50:23:810000,-48.0,65.92,133.76,156.6562606473166,245.4833797983523,490.9667595967046,736.4501393950569
166,3023908,352,192,-128,-6.187038,2.066551,12.717155,14.29251915,116.84,3023.908,18:50:23:908000,-40.96,69.12,132.48,154.93949270602377,245.4833797983523,490.9667595967046,736.4501393950569
167,3024054,1152,-96,-192,-4.071873,1.925361,12.187896,12.99353584,116.84,3024.054,18:50:24:054000,-17.28,67.2,131.2,148.4179180557388,245.4833797983523,490.9667595967046,736.4501393950569
168,3024152,1184,1056,-960,-1.85601,3.443739,9.67072,10.43201499,116.84,3024.152,18:50:24:152000,8.32,88.96,110.72,142.27446151716757,245.4833797983523,490.9667595967046,736.4501393950569
169,3024249,-2112,-96,544,-5.877458,3.297687,11.077385,12.966407,116.84,3024.2490000000003,18:50:24:249000,-33.28,87.68,120.96,153.05770937786832,245.4833797983523,490.9667595967046,736.4501393950569
170,3024347,64,992,608,-5.738943,4.750536,12.66141,14.69062157,116.84,3024.347,18:50:24:347000,-32.64,107.52,133.12,174.2034856138074,245.4833797983523,490.9667595967046,736.4501393950569
171,3024444,-128,-128,480,-5.981154,4.551907,13.91301,15.81347235,116.84,3024.444,18:50:24:444000,-35.84,105.6,142.72,181.12113073851987,245.4833797983523,490.9667595967046,736.4501393950569
172,3024542,480,-320,192,-5.017936,4.065731,14.393112,15.77566237,116.84,3024.542,18:50:24:542000,-25.6,99.2,144.64,177.24765047808108,245.4833797983523,490.9667595967046,736.4501393950569
173,3024639,96,160,64,-4.816175,4.300481,14.526961,15.89724109,116.84,3024.639,18:50:24:639000,-23.68,103.68,146.56,181.08041970351186,245.4833797983523,490.9667595967046,736.4501393950569
174,3024737,672,-64,-512,-3.464362,4.197494,13.108713,14.19362943,116.84,3024.737,18:50:24:737000,-8.96,103.04,135.68,170.60652273579697,245.4833797983523,490.9667595967046,736.4501393950569
175,3024834,-64,-64,32,-3.586659,4.094676,13.159995,14.24134694,116.84,3024.8340000000003,18:50:24:834000,-8.96,102.4,135.68,170.22075079143556,245.4833797983523,490.9667595967046,736.4501393950569
176,3024932,0,-96,-32,-3.579419,3.943791,13.037691,14.08357605,116.84,3024.9320000000002,18:50:24:932000,-7.68,99.2,131.84,165.17084488492515,245.4833797983523,490.9667595967046,736.4501393950569
177,3025029,-160,-160,128,-3.89456,3.696536,13.348475,14.38797278,116.84,3025.029,18:50:25:029000,-10.88,95.36,135.04,165.6734909392568,245.4833797983523,490.9667595967046,736.4501393950569
178,3025127,64,0,128,-3.757622,3.690952,13.658293,14.63870955,116.84,3025.127,18:50:25:127000,-10.24,93.44,136.32,165.58693668281927,245.4833797983523,490.9667595967046,736.4501393950569
179,3025224,-64,288,-96,-3.879046,4.119876,13.362091,14.51088736,116.84,3025.224,18:50:25:224000,-12.16,100.48,134.4,168.24819761293136,245.4833797983523,490.9667595967046,736.4501393950569
180,3025370,192,128,64,-3.484553,4.307547,13.4988,14.59159594,116.84,3025.37,18:50:25:370000,-7.68,103.04,134.4,169.52753168733392,245.4833797983523,490.9667595967046,736.4501393950569
181,3025468,32,-320,64,-3.412954,3.815771,13.634911,14.56431122,116.84,3025.468,18:50:25:468000,-7.04,96.64,134.4,165.68708821148377,245.4833797983523,490.9667595967046,736.4501393950569
182,3025565,-192,-64,800,-3.792981,3.712427,15.750751,16.62091983,116.84,3025.565,18:50:25:565000,-11.52,96.0,151.04,179.3370904191322,245.4833797983523,490.9667595967046,736.4501393950569
183,3025663,64,-640,736,-3.656131,2.731642,17.713812,18.29230159,116.84,3025.663,18:50:25:663000,-10.88,85.76,168.32,189.22149560766078,245.4833797983523,490.9667595967046,736.4501393950569
184,3025760,0,-224,256,-3.648756,2.382276,18.370806,18.88055011,116.84,3025.76,18:50:25:760000,-9.6,81.92,174.08,192.63149482885711,245.4833797983523,490.9667595967046,736.4501393950569
185,3025858,-288,64,544,-4.221267,2.477504,19.822937,20.41827496,116.84,3025.858,18:50:25:858000,-16.64,83.2,184.96,203.49282837485944,245.4833797983523,490.9667595967046,736.4501393950569
186,3025955,-480,-32,704,-5.182698,2.424237,21.727634,22.4683636,116.84,3025.955,18:50:25:955000,-10.88,88.96,205.44,224.1380146249181,245.4833797983523,490.9667595967046,736.4501393950569
187,3026053,-288,64,-128,-5.758465,2.519289,21.30629,22.21406603,116.84,3026.053,18:50:26:053000,-31.36,109.44,206.72,235.99517283198824,245.4833797983523,490.9667595967046,736.4501393950569
188,3026150,0,-192,64,-5.7467,2.219111,21.426455,22.29443851,116.84,3026.15,18:50:26:150000,-38.4,105.6,199.68,229.12446923015446,245.4833797983523,490.9667595967046,736.4501393950569
189,3026248,352,96,64,-5.017172,2.36417,21.546045,22.24844646,116.84,3026.248,18:50:26:248000,-46.72,97.28,199.04,226.41351196428184,245.4833797983523,490.9667595967046,736.4501393950569
190,3026345,-128,-32,128,-5.269239,2.310999,21.844496,22.58954629,116.84,3026.3450000000003,18:50:26:345000,-58.24,99.2,199.04,229.89010244027472,245.4833797983523,490.9667595967046,736.4501393950569
191,3026687,32,192,-256,-5.629159,2.794449,23.077511,23.91794076,116.84,3026.687,18:50:26:687000,-57.6,103.68,188.8,222.96354500231647,245.4833797983523,490.9667595967046,736.4501393950569
192,3026784,352,-352,224,-4.896701,2.244318,23.646936,24.25267462,116.84,3026.784,18:50:26:784000,-60.8,96.64,190.08,221.73483262672107,245.4833797983523,490.9667595967046,736.4501393950569
193,3026882,-256,160,64,-5.413597,2.49028,23.761433,24.49722893,116.84,3026.882,18:50:26:882000,-71.68,94.08,188.8,222.78803558539673,245.4833797983523,490.9667595967046,736.4501393950569
194,3027028,32,-256,96,-5.336354,2.086619,23.965984,24.64140909,116.84,3027.0280000000002,18:50:27:028000,-67.84,83.2,187.52,216.07465376577608,245.4833797983523,490.9667595967046,736.4501393950569
195,3027125,-288,224,544,-5.919164,2.434407,25.436483,26.22932533,116.84,3027.125,18:50:27:125000,-72.32,92.16,207.36,238.16342624340962,245.4833797983523,490.9667595967046,736.4501393950569
196,3027223,384,-128,0,-5.112337,2.229402,25.364016,25.96997363,116.84,3027.223,18:50:27:223000,-64.0,89.6,203.52,231.39695417183003,245.4833797983523,490.9667595967046,736.4501393950569
197,3027418,768,-32,32,-3.50348,2.175548,25.382877,25.71571166,116.84,3027.418,18:50:27:418000,-46.72,81.28,203.52,224.07495888652977,245.4833797983523,490.9667595967046,736.4501393950569
198,3027515,-5664,2816,3744,-15.439963,6.598672,35.923798,39.65418253,116.84,3027.515,18:50:27:515000,-156.8,94.72,248.32,308.57890530624417,245.4833797983523,490.9667595967046,736.4501393950569
199,3027613,-6496,-6688,-6848,-30.617216,-4.498538,15.022789,34.39963589,116.84,3027.6130000000003,18:50:27:613000,-212.48,-83.84,-7.04,228.53108672563565,245.4833797983523,490.9667595967046,736.4501393950569
200,3027710,-96,-1856,-14624,-30.78973,-7.972054,-35.369637,47.56650439,116.84,3027.71,18:50:27:710000,-212.48,-120.32,-295.68,383.47270463489315,245.4833797983523,490.9667595967046,736.4501393950569
201,3027808,-3328,-3712,-4576,-39.477943,-15.164339,-55.486752,69.76564203,116.84,3027.808,18:50:27:808000,-274.56,-188.16,-388.48,511.5702196179914,245.4833797983523,490.9667595967046,736.4501393950569
202,3027905,1920,992,-4032,-33.989609,-13.068176,-74.612053,83.02426872,116.84,3027.905,18:50:27:905000,-237.44,-171.52,-469.12,553.0555473006306,245.4833797983523,490.9667595967046,736.4501393950569
203,3028003,416,448,-3072,-32.683632,-12.091322,-90.094322,96.59920665,116.84,3028.003,18:50:28:003000,-227.84,-152.96,-536.96,603.0206205429463,245.4833797983523,490.9667595967046,736.4501393950569
204,3028100,768,544,-1792,-30.345791,-10.904817,-99.361351,104.4627213,116.84,3028.1,18:50:28:100000,-236.16,-152.96,-538.24,607.3471863769519,245.4833797983523,490.9667595967046,736.4501393950569
205,3028198,736,-768,-1120,-28.079103,-12.534644,-105.075806,109.4827764,116.84,3028.198,18:50:28:198000,-202.24,-148.48,-577.28,629.4438230692235,245.4833797983523,490.9667595967046,736.4501393950569
206,3028344,544,-800,-256,-26.366224,-14.251766,-105.933167,110.091446,116.84,3028.344,18:50:28:344000,-170.24,-179.2,-555.52,608.0269467712759,245.4833797983523,490.9667595967046,736.4501393950569
207,3028490,0,-160,672,-26.286617,-14.573873,-101.525703,105.8813127,116.84,3028.4900000000002,18:50:28:490000,-193.28,-184.32,-545.28,607.1748505990676,245.4833797983523,490.9667595967046,736.4501393950569
208,3028588,-544,96,-160,-27.845835,-14.329332,-101.860222,106.5655906,116.84,3028.588,18:50:28:588000,-197.76,-181.76,-549.12,611.2924746796741,245.4833797983523,490.9667595967046,736.4501393950569
209,3028685,-160,0,-288,-28.24675,-14.297643,-102.920273,107.6795434,116.84,3028.685,18:50:28:685000,-204.16,-187.52,-552.32,617.9825550935884,245.4833797983523,490.9667595967046,736.4501393950569
210,3028783,-96,-128,256,-28.452211,-14.548617,-100.880302,105.8207253,116.84,3028.783,18:50:28:783000,-206.08,-186.88,-549.76,616.1405346185236,245.4833797983523,490.9667595967046,736.4501393950569
211,3028880,-256,-288,352,-29.14109,-15.152243,-98.302582,103.6445427,116.84,3028.88,18:50:28:880000,-208.0,-188.8,-545.28,613.3838263273657,245.4833797983523,490.9667595967046,736.4501393950569
212,3028978,-288,-256,736,-29.92594,-15.685621,-93.538216,99.4534989,116.84,3028.978,18:50:28:978000,-215.68,-192.64,-530.56,604.2532131482628,245.4833797983523,490.9667595967046,736.4501393950569
213,3029075,-96,160,512,-30.126699,-15.295544,-90.042824,96.17318656,116.84,3029.0750000000003,18:50:29:075000,-212.48,-190.72,-522.88,595.7561272869965,245.4833797983523,490.9667595967046,736.4501393950569
214,3029173,-160,-224,384,-30.520628,-15.759528,-87.289421,93.80466126,116.84,3029.1730000000002,18:50:29:173000,-218.24,-191.36,-517.12,593.0096471390664,245.4833797983523,490.9667595967046,736.4501393950569
215,3029270,224,160,128,-29.748962,-15.368029,-86.034447,92.32065384,116.84,3029.27,18:50:29:270000,-215.04,-186.88,-514.56,588.1652230453616,245.4833797983523,490.9667595967046,736.4501393950569
216,3029368,-96,352,96,-29.950233,-14.548682,-84.97496,91.26568047,116.84,3029.368,18:50:29:368000,-224.0,-183.68,-510.08,586.5969219148699,245.4833797983523,490.9667595967046,736.4501393950569
217,3029465,160,128,512,-29.374149,-14.229136,-81.508018,87.80014772,116.84,3029.465,18:50:29:465000,-243.84,-179.2,-496.0,581.0220181714287,245.4833797983523,490.9667595967046,736.4501393950569
218,3029563,160,-384,-416,-28.799379,-15.058537,-83.462296,89.5662806,116.84,3029.563,18:50:29:563000,-264.32,-208.0,-485.12,590.3138798978049,245.4833797983523,490.9667595967046,736.4501393950569
219,3029660,352,0,-544,-27.642763,-15.024588,-86.155159,91.72007421,116.84,3029.66,18:50:29:660000,-215.04,-206.08,-506.88,587.9102843121559,245.4833797983523,490.9667595967046,736.4501393950569
220,3029758,-128,0,-352,-27.948967,-14.990781,-87.714729,93.27240725,116.84,3029.7580000000003,18:50:29:758000,-218.88,-225.92,-526.08,612.9506237862884,245.4833797983523,490.9667595967046,736.4501393950569
221,3029856,224,64,-384,-27.181042,-14.813389,-89.451874,94.65666009,116.84,3029.856,18:50:29:856000,-211.84,-222.08,-543.36,624.0479161090116,245.4833797983523,490.9667595967046,736.4501393950569
222,3029953,32,-32,-384,-27.000307,-14.851959,-91.178879,96.2454427,116.84,3029.953,18:50:29:953000,-220.8,-216.32,-554.88,635.1683216282122,245.4833797983523,490.9667595967046,736.4501393950569
223,3030050,-128,160,-96,-27.308178,-14.460295,-91.207146,96.2994299,116.84,3030.05,18:50:30:050000,-225.28,-216.32,-558.08,639.5300674714208,245.4833797983523,490.9667595967046,736.4501393950569
224,3030148,800,288,-544,-24.788946,-13.781946,-93.846733,98.03898803,116.84,3030.148,18:50:30:148000,-222.72,-209.28,-558.72,636.8440587773431,245.4833797983523,490.9667595967046,736.4501393950569
225,3030245,-64,-864,-224,-24.909948,-15.696006,-94.607864,99.08338935,116.84,3030.245,18:50:30:245000,-222.72,-225.28,-563.84,646.7386043835639,245.4833797983523,490.9667595967046,736.4501393950569
226,3030343,32,96,-544,-24.734732,-15.440858,-97.227379,101.505617,116.84,3030.343,18:50:30:343000,-222.08,-221.44,-574.08,654.1582732030529,245.4833797983523,490.9667595967046,736.4501393950569
227,3030440,32,-192,-96,-24.560392,-15.844151,-97.2202,101.5185563,116.84,3030.44,18:50:30:440000,-218.24,-222.08,-578.56,657.0235137344781,245.4833797983523,490.9667595967046,736.4501393950569
228,3030538,160,-320,-32,-23.99436,-16.539757,-96.841064,101.1310266,116.84,3030.538,18:50:30:538000,-216.32,-228.48,-581.76,661.3940961333115,245.4833797983523,490.9667595967046,736.4501393950569
229,3030635,-352,96,96,-25.000942,-16.281406,-95.725082,100.2667572,116.84,3030.635,18:50:30:635000,-222.08,-232.32,-577.92,661.2742511242972,245.4833797983523,490.9667595967046,736.4501393950569
230,3030800,-896,-224,-6816,-27.683111,-16.758228,-134.540268,138.3772978,116.84,3030.8,18:50:30:800000,-243.84,-239.36,-715.52,792.9186752750877,245.4833797983523,490.9667595967046,736.4501393950569
231,3031025,-1088,-288,-224,-41.068439,-13.326247,-136.735001,143.3899091,116.84,3031.025,18:50:31:025000,-266.24,-238.72,-721.28,805.0564044835616,245.4833797983523,490.9667595967046,736.4501393950569
232,3031123,192,32,-96,-40.283325,-13.218225,-136.471497,142.9053436,116.84,3031.123,18:50:31:123000,-258.56,-236.8,-739.2,818.1345571481503,245.4833797983523,490.9667595967046,736.4501393950569
233,3031220,1888,288,-768,-33.779446,-12.501418,-140.533722,145.0760609,116.84,3031.2200000000003,18:50:31:220000,-222.08,-218.24,-769.28,829.9035741578657,245.4833797983523,490.9667595967046,736.4501393950569
234,3031318,704,-448,-32,-31.204052,-13.541525,-139.831345,143.909245,116.84,3031.318,18:50:31:318000,-208.0,-222.72,-775.04,832.799615753994,245.4833797983523,490.9667595967046,736.4501393950569
235,3031415,384,-288,320,-29.738489,-14.201138,-136.868317,140.7799213,116.84,3031.415,18:50:31:415000,-194.56,-229.76,-779.52,835.6402824182185,245.4833797983523,490.9667595967046,736.4501393950569
236,3031513,-2368,6688,-2752,-38.030972,1.955795,-153.764587,158.4100003,116.84,3031.513,18:50:31:513000,-232.32,-95.36,-848.64,885.017492256509,245.4833797983523,490.9667595967046,736.4501393950569
237,3031610,-928,1248,-768,-41.322567,5.35298,-157.912506,163.3173858,116.84,3031.61,18:50:31:610000,-245.12,-71.68,-861.44,898.4991432383227,245.4833797983523,490.9667595967046,736.4501393950569
238,3031708,448,64,320,-39.487476,5.516402,-154.667709,159.7241111,116.84,3031.708,18:50:31:708000,-236.16,-66.56,-856.32,890.7781550981142,245.4833797983523,490.9667595967046,736.4501393950569
239,3031805,-544,128,-96,-41.390839,5.857156,-154.268311,159.8318479,116.84,3031.805,18:50:31:805000,-254.08,-65.92,-859.52,898.708363819988,245.4833797983523,490.9667595967046,736.4501393950569
240,3031903,96,256,32,-40.869263,6.552828,-153.007355,158.5070563,116.84,3031.9030000000002,18:50:31:903000,-249.6,-60.16,-861.44,898.8872338619567,245.4833797983523,490.9667595967046,736.4501393950569
241,3032000,256,64,0,-39.743454,6.712946,-151.974716,157.228878,116.84,3032.0,18:50:32:000000,-245.12,-62.72,-856.32,892.9174403045334,245.4833797983523,490.9667595967046,736.4501393950569
242,3032098,32,-288,0,-39.470806,5.89286,-150.95282,156.1391181,116.84,3032.098,18:50:32:098000,-251.52,-61.44,-860.8,898.8958916359558,245.4833797983523,490.9667595967046,736.4501393950569
243,3032195,-448,-320,-384,-41.019669,4.983212,-152.514084,158.0126307,116.84,3032.195,18:50:32:195000,-255.36,-71.04,-869.76,909.251268242173,245.4833797983523,490.9667595967046,736.4501393950569
244,3032293,-96,256,32,-41.229019,5.686454,-151.280502,156.9011091,116.84,3032.293,18:50:32:293000,-257.92,-60.8,-871.04,910.4559561011175,245.4833797983523,490.9667595967046,736.4501393950569
245,3032390,0,-64,-32,-41.072453,5.490793,-150.485428,156.0863839,116.84,3032.39,18:50:32:390000,-252.16,-66.56,-882.56,920.2863971612315,245.4833797983523,490.9667595967046,736.4501393950569
246,3032396,64,-96,0,-40.674629,5.206237,-149.486649,155.0089951,116.84,3032.396,18:50:32:396000,-258.56,-65.92,-882.56,922.0145734206156,245.4833797983523,490.9667595967046,736.4501393950569
247,3032585,32,64,64,-40.399933,5.370953,-148.07486,153.5811378,116.84,3032.585,18:50:32:585000,-273.28,-64.0,-881.92,925.5057238072599,245.4833797983523,490.9667595967046,736.4501393950569
248,3032683,0,32,-32,-40.247585,5.445435,-147.309067,152.8053732,116.84,3032.683,18:50:32:683000,-160.0,-119.68,-957.44,978.0667952650269,245.4833797983523,490.9667595967046,736.4501393950569
249,3032780,32,-64,0,-39.975941,5.251633,-146.341339,151.7940809,116.84,3032.78,18:50:32:780000,-29.44,12.8,-820.48,821.1077785528523,245.4833797983523,490.9667595967046,736.4501393950569
250,3032878,-32,128,224,-39.946022,5.593708,-143.917252,149.4628705,116.84,3032.878,18:50:32:878000,-28.16,52.48,-523.52,526.8968840295034,245.4833797983523,490.9667595967046,736.4501393950569
251,3032975,0,64,-64,-39.796715,5.75642,-143.393723,148.925064,116.84,3032.975,18:50:32:975000,38.4,128.0,-433.28,453.42046535197323,245.4833797983523,490.9667595967046,736.4501393950569
252,3033122,64,192,32,-39.409885,6.274429,-142.250412,147.7419616,116.84,3033.122,18:50:33:122000,1.28,112.0,-352.0,369.39090189120793,245.4833797983523,490.9667595967046,736.4501393950569
253,3033268,-128,0,96,-39.739498,6.256961,-140.702042,146.3401581,116.84,3033.268,18:50:33:268000,-9.6,103.04,-288.64,306.63080601922564,245.4833797983523,490.9667595967046,736.4501393950569
254,3033365,32,32,-32,-39.473099,6.328438,-139.996841,145.5928919,116.84,3033.3650000000002,18:50:33:365000,-24.32,92.8,-253.44,270.98918059583116,245.4833797983523,490.9667595967046,736.4501393950569
255,3033463,-64,-32,32,-39.563969,6.222257,-138.885803,144.5451154,116.84,3033.463,18:50:33:463000,-40.32,107.52,-230.4,257.4304037987743,245.4833797983523,490.9667595967046,736.4501393950569
256,3033560,-32,0,128,-39.536034,6.205054,-137.167038,142.885958,116.84,3033.56,18:50:33:560000,-51.84,123.52,-222.72,259.9014705614418,245.4833797983523,490.9667595967046,736.4501393950569
257,3033658,0,-32,64,-39.390537,6.099705,-135.872971,141.5990291,116.84,3033.658,18:50:33:658000,-51.84,126.08,-234.88,271.5735009164186,245.4833797983523,490.9667595967046,736.4501393950569
258,3033755,-128,-32,-32,-39.715687,5.994855,-135.20639,141.0462406,116.84,3033.755,18:50:33:755000,-43.52,123.52,-232.32,266.690388278243,245.4833797983523,490.9667595967046,736.4501393950569
259,3033853,-32,-32,-32,-39.687428,5.890501,-134.546951,140.4018232,116.84,3033.853,18:50:33:853000,-40.96,122.88,-227.2,261.528308219206,245.4833797983523,490.9667595967046,736.4501393950569
260,3033950,-32,-64,0,-39.65937,5.698927,-133.690964,139.5658169,116.84,3033.9500000000003,18:50:33:950000,-39.68,124.16,-232.32,266.3884201687453,245.4833797983523,490.9667595967046,736.4501393950569
261,3033953,-32,0,0,-39.631512,5.683327,-132.843552,138.7456891,116.84,3033.953,18:50:33:953000,-35.2,129.92,-239.36,274.61146370827277,245.4833797983523,490.9667595967046,736.4501393950569
